node_uuid,row_number,mods_titleinfo_title,sort_order,type,mods_genre_authority_local,mods_genre_subgenre_authority_local,subgenre_audiovisual_materials,subgenre_ephemera,subgenre_manuscripts,subgenre_publications,subgenre_realia,subgenre_visual_materials,mods_personal_name_author,mods_personal_name_editor,mods_personal_name_photographer,mods_personal_name_addressee,mods_name_personal_namepart_refined,family_name,mods_origininfo_dateother,mods_origininfo_datecreated,date_full,date_note,mods_language_languageterm_text,mods_physicaldescription_extent,mods_abstract,mods_subject_geographic,mods_subject_corporate_name,mods_subject_personal_name,mods_subject_topic,mods_subject_family_name,ismemberof,ispartof,sequence_id,mods_identifier_local,mods_location_shelflocator,pid,mods_accesscondition_restriction_on_access,mods_accesscondition_use_and_reproduction,mods_recordinfo_recordcontentsource,mods_relateditem_host_titleinfo_title,mods_recordinfo_recordcreationdate,documents,images,texts,videos,audios
a13640b7-69d2-4aa1-8b7f-826c04750f79,1,"Brothertown Indian records, 1774-1828",001,Manuscript,Manuscripts,"Covenants, laws, and legal and land records",,,"Covenants, laws, and legal and land records",,,,"Johnson, Guy, approximately 1740-1788|@|Wyllys, George, 1710-1796|@|Clinton, George, 1739-1812|@|Harpur, Robert, 1731-1825|@|Jones, Samuel, 1734-1819|@|L’Hommedieu, Ezra, 1734-1811|@|Eddy, Thomas, 1758-1827|@|Jay, John, 1745-1829|@|Floyd, William, 1734-1821|@|Lewis, Morgan, 1754-1844|@|Hitchcock, Zina, 1755-1832|@|Kirkland, Joseph, 1770-1844|@|Fowler, David, 1735-1807|@|Tuhie, John, 1744-1811|@|Skeesuck, John, approximately 1746-approximately 1807|@|Wauby, Isaac, 1762-|@|Pryor, Edmund, 1755-|@|McNeil, Henry|@|Hart, Thomas, 1749-1811|@|Dick, William, 1786-1869|@|Abner, Randall, 1789-1852|@|Marthers, Eliphalet, 1783-1851",,,,,,1785-02-04|@|1785-02-04|@|1785-02-04|@|1794-09-17|@|1794-09-17|@|1774-1804|@|1794-09-17,1774-10-04|@|1774-10-04|@|1774-10-04,1774-10-04|@|1785-02-04|@|1794-09-17|@|1804-XX-XX|@|1828-06-02,,English,87 images,"Copies of treaties, assignments of lots within Brotherton lands, accounts forwarded by the Superintendents to the Governor of New York. Large manuscript daybook entitled “Brothertown Records” on the spine, with copies of treaties, assignments of lots, accounts of transactions from 1774-1804.",Oneida County (N.Y.)|@|Stockbridge (N.Y. : Town)|@|Brothertown (N.Y.),New York (State). Governor (1777-1795 : Clinton)|@|Brotherton Indians|@|Oneida Indians|@|Oneida Nation of New York,,Indian land transfers|@|Indians of North America|@|Land tenure|@|Treaties,,94608942-674a-496f-b98b-af5a9f480fc0,,,yhm-spe-bro-02-records,Hamilton College Library Rare Books and Special Collections|@|Brothertown Indian Nation Collection|@|CNYSMC Series 25 v.2,hamLibSparc:12381786,There are no restrictions on access to this resource.,https://rightsstatements.org/page/NKC/1.0/?language=en,"Hamilton College Library, Clinton, New York, United States",Hamilton College Library Digital Collections|@|Brothertown Indian Nation Records,2018-01-01T00:00:00Z|@|2018-01-01T00:00:00.000Z|@|2018,/var/www/diglib/LibSpace/drop-box/Ready-for-Ingest/from-Metalogers/Brothertown/yhm-spe-bro-02-records.pdf,,/var/www/diglib/LibSpace/drop-box/Ready-for-Ingest/from-Metalogers/Brothertown/yhm-spe-bro-02-records.txt,,
4e15bbf0-4fe5-41b3-b5b6-cf10b6cb033d,2,"Page 1 - Brothertown Indian records, 1774-1828",002,Page,,,,,,,,,,,,,,,,,,,,,,,,,,,,2,1,yhm-spe-bro-02-records_s001,,hamLibSparc:12381950,,,,,,,/var/www/diglib/LibSpace/drop-box/Ready-for-Ingest/from-Metalogers/Brothertown/yhm-spe-bro-02-records_s001.tif,/var/www/diglib/LibSpace/drop-box/Ready-for-Ingest/from-Metalogers/Brothertown/yhm-spe-bro-02-records_s001.txt,,
383fdfce-bf9c-4bba-8b1a-697d9d7efd04,3,"Page 2 - Brothertown Indian records, 1774-1828",003,Page,,,,,,,,,,,,,,,,,,,,,,,,,,,,2,2,yhm-spe-bro-02-records_s002,,hamLibSparc:12381951,,,,,,,/var/www/diglib/LibSpace/drop-box/Ready-for-Ingest/from-Metalogers/Brothertown/yhm-spe-bro-02-records_s002.tif,/var/www/diglib/LibSpace/drop-box/Ready-for-Ingest/from-Metalogers/Brothertown/yhm-spe-bro-02-records_s002.txt,,
d68a037d-485d-4d42-81c7-af11e842b6ee,4,"Page 3 - Brothertown Indian records, 1774-1828",004,Page,,,,,,,,,,,,,,,,,,,,,,,,,,,,2,3,yhm-spe-bro-02-records_s003,,hamLibSparc:12381952,,,,,,,/var/www/diglib/LibSpace/drop-box/Ready-for-Ingest/from-Metalogers/Brothertown/yhm-spe-bro-02-records_s003.tif,/var/www/diglib/LibSpace/drop-box/Ready-for-Ingest/from-Metalogers/Brothertown/yhm-spe-bro-02-records_s003.txt,,
b69eb0b3-94fb-4011-b581-2337b4980af5,5,"Page 4 - Brothertown Indian records, 1774-1828",005,Page,,,,,,,,,,,,,,,,,,,,,,,,,,,,2,4,yhm-spe-bro-02-records_s004,,hamLibSparc:12381953,,,,,,,/var/www/diglib/LibSpace/drop-box/Ready-for-Ingest/from-Metalogers/Brothertown/yhm-spe-bro-02-records_s004.tif,/var/www/diglib/LibSpace/drop-box/Ready-for-Ingest/from-Metalogers/Brothertown/yhm-spe-bro-02-records_s004.txt,,
2c3cf3ba-eab1-465b-9a3f-eee0c2680b44,6,"Page 5 - Brothertown Indian records, 1774-1828",006,Page,,,,,,,,,,,,,,,,,,,,,,,,,,,,2,5,yhm-spe-bro-02-records_s005,,hamLibSparc:12381954,,,,,,,/var/www/diglib/LibSpace/drop-box/Ready-for-Ingest/from-Metalogers/Brothertown/yhm-spe-bro-02-records_s005.tif,/var/www/diglib/LibSpace/drop-box/Ready-for-Ingest/from-Metalogers/Brothertown/yhm-spe-bro-02-records_s005.txt,,
87590b53-5132-4354-8aff-93383f154af1,7,"Page 6 - Brothertown Indian records, 1774-1828",007,Page,,,,,,,,,,,,,,,,,,,,,,,,,,,,2,6,yhm-spe-bro-02-records_s006,,hamLibSparc:12381955,,,,,,,/var/www/diglib/LibSpace/drop-box/Ready-for-Ingest/from-Metalogers/Brothertown/yhm-spe-bro-02-records_s006.tif,/var/www/diglib/LibSpace/drop-box/Ready-for-Ingest/from-Metalogers/Brothertown/yhm-spe-bro-02-records_s006.txt,,
39124282-4e72-4670-aecc-349cd2790119,8,"Page 7 - Brothertown Indian records, 1774-1828",008,Page,,,,,,,,,,,,,,,,,,,,,,,,,,,,2,7,yhm-spe-bro-02-records_s007,,hamLibSparc:12381956,,,,,,,/var/www/diglib/LibSpace/drop-box/Ready-for-Ingest/from-Metalogers/Brothertown/yhm-spe-bro-02-records_s007.tif,/var/www/diglib/LibSpace/drop-box/Ready-for-Ingest/from-Metalogers/Brothertown/yhm-spe-bro-02-records_s007.txt,,
8cdeed93-7ebc-4534-ad3e-86b5b97da921,9,"Page 8 - Brothertown Indian records, 1774-1828",009,Page,,,,,,,,,,,,,,,,,,,,,,,,,,,,2,8,yhm-spe-bro-02-records_s008,,hamLibSparc:12381957,,,,,,,/var/www/diglib/LibSpace/drop-box/Ready-for-Ingest/from-Metalogers/Brothertown/yhm-spe-bro-02-records_s008.tif,/var/www/diglib/LibSpace/drop-box/Ready-for-Ingest/from-Metalogers/Brothertown/yhm-spe-bro-02-records_s008.txt,,
db433b50-1bb5-4247-be5f-904e0f366e22,10,"Page 9 - Brothertown Indian records, 1774-1828",010,Page,,,,,,,,,,,,,,,,,,,,,,,,,,,,2,9,yhm-spe-bro-02-records_s009,,hamLibSparc:12381958,,,,,,,/var/www/diglib/LibSpace/drop-box/Ready-for-Ingest/from-Metalogers/Brothertown/yhm-spe-bro-02-records_s009.tif,/var/www/diglib/LibSpace/drop-box/Ready-for-Ingest/from-Metalogers/Brothertown/yhm-spe-bro-02-records_s009.txt,,
3dec7e5c-5772-42d4-91e2-5f5848710224,11,"Page 10 - Brothertown Indian records, 1774-1828",011,Page,,,,,,,,,,,,,,,,,,,,,,,,,,,,2,10,yhm-spe-bro-02-records_s010,,hamLibSparc:12381959,,,,,,,/var/www/diglib/LibSpace/drop-box/Ready-for-Ingest/from-Metalogers/Brothertown/yhm-spe-bro-02-records_s010.tif,/var/www/diglib/LibSpace/drop-box/Ready-for-Ingest/from-Metalogers/Brothertown/yhm-spe-bro-02-records_s010.txt,,
5459189c-9b58-4248-9fed-5e88cae1fe11,12,"Page 11 - Brothertown Indian records, 1774-1828",012,Page,,,,,,,,,,,,,,,,,,,,,,,,,,,,2,11,yhm-spe-bro-02-records_s011,,hamLibSparc:12381960,,,,,,,/var/www/diglib/LibSpace/drop-box/Ready-for-Ingest/from-Metalogers/Brothertown/yhm-spe-bro-02-records_s011.tif,/var/www/diglib/LibSpace/drop-box/Ready-for-Ingest/from-Metalogers/Brothertown/yhm-spe-bro-02-records_s011.txt,,
ddb793da-5fbb-4b6c-9794-04ac8686b05e,13,"Page 12 - Brothertown Indian records, 1774-1828",013,Page,,,,,,,,,,,,,,,,,,,,,,,,,,,,2,12,yhm-spe-bro-02-records_s012,,hamLibSparc:12381961,,,,,,,/var/www/diglib/LibSpace/drop-box/Ready-for-Ingest/from-Metalogers/Brothertown/yhm-spe-bro-02-records_s012.tif,/var/www/diglib/LibSpace/drop-box/Ready-for-Ingest/from-Metalogers/Brothertown/yhm-spe-bro-02-records_s012.txt,,
c391c74e-705c-4ffc-8bad-ba356944d91e,14,"Page 13 - Brothertown Indian records, 1774-1828",014,Page,,,,,,,,,,,,,,,,,,,,,,,,,,,,2,13,yhm-spe-bro-02-records_s013,,hamLibSparc:12381962,,,,,,,/var/www/diglib/LibSpace/drop-box/Ready-for-Ingest/from-Metalogers/Brothertown/yhm-spe-bro-02-records_s013.tif,/var/www/diglib/LibSpace/drop-box/Ready-for-Ingest/from-Metalogers/Brothertown/yhm-spe-bro-02-records_s013.txt,,
98aebf25-c729-4301-b07f-1080d367aac2,15,"Page 14 - Brothertown Indian records, 1774-1828",015,Page,,,,,,,,,,,,,,,,,,,,,,,,,,,,2,14,yhm-spe-bro-02-records_s014,,hamLibSparc:12381963,,,,,,,/var/www/diglib/LibSpace/drop-box/Ready-for-Ingest/from-Metalogers/Brothertown/yhm-spe-bro-02-records_s014.tif,/var/www/diglib/LibSpace/drop-box/Ready-for-Ingest/from-Metalogers/Brothertown/yhm-spe-bro-02-records_s014.txt,,
ec18a025-c550-4809-ad04-96ab3a244183,16,"Page 15 - Brothertown Indian records, 1774-1828",016,Page,,,,,,,,,,,,,,,,,,,,,,,,,,,,2,15,yhm-spe-bro-02-records_s015,,hamLibSparc:12381964,,,,,,,/var/www/diglib/LibSpace/drop-box/Ready-for-Ingest/from-Metalogers/Brothertown/yhm-spe-bro-02-records_s015.tif,/var/www/diglib/LibSpace/drop-box/Ready-for-Ingest/from-Metalogers/Brothertown/yhm-spe-bro-02-records_s015.txt,,
fc3b05a9-761c-4869-beb3-ddc494558c70,17,"Page 16 - Brothertown Indian records, 1774-1828",017,Page,,,,,,,,,,,,,,,,,,,,,,,,,,,,2,16,yhm-spe-bro-02-records_s016,,hamLibSparc:12381965,,,,,,,/var/www/diglib/LibSpace/drop-box/Ready-for-Ingest/from-Metalogers/Brothertown/yhm-spe-bro-02-records_s016.tif,/var/www/diglib/LibSpace/drop-box/Ready-for-Ingest/from-Metalogers/Brothertown/yhm-spe-bro-02-records_s016.txt,,
ccc04bbe-9658-43f1-b3ac-b656a399bb7e,18,"Page 17 - Brothertown Indian records, 1774-1828",018,Page,,,,,,,,,,,,,,,,,,,,,,,,,,,,2,17,yhm-spe-bro-02-records_s017,,hamLibSparc:12381966,,,,,,,/var/www/diglib/LibSpace/drop-box/Ready-for-Ingest/from-Metalogers/Brothertown/yhm-spe-bro-02-records_s017.tif,/var/www/diglib/LibSpace/drop-box/Ready-for-Ingest/from-Metalogers/Brothertown/yhm-spe-bro-02-records_s017.txt,,
f0d7eac1-f50d-4466-8c4f-d372905cde9c,19,"Page 18 - Brothertown Indian records, 1774-1828",019,Page,,,,,,,,,,,,,,,,,,,,,,,,,,,,2,18,yhm-spe-bro-02-records_s018,,hamLibSparc:12381967,,,,,,,/var/www/diglib/LibSpace/drop-box/Ready-for-Ingest/from-Metalogers/Brothertown/yhm-spe-bro-02-records_s018.tif,/var/www/diglib/LibSpace/drop-box/Ready-for-Ingest/from-Metalogers/Brothertown/yhm-spe-bro-02-records_s018.txt,,
be7340ea-39c1-4049-a4bc-ef992b2e7ad4,20,"Page 19 - Brothertown Indian records, 1774-1828",020,Page,,,,,,,,,,,,,,,,,,,,,,,,,,,,2,19,yhm-spe-bro-02-records_s019,,hamLibSparc:12381968,,,,,,,/var/www/diglib/LibSpace/drop-box/Ready-for-Ingest/from-Metalogers/Brothertown/yhm-spe-bro-02-records_s019.tif,/var/www/diglib/LibSpace/drop-box/Ready-for-Ingest/from-Metalogers/Brothertown/yhm-spe-bro-02-records_s019.txt,,
90e049bf-9a1f-4b28-a2ee-ae12a81974c5,21,"Page 20 - Brothertown Indian records, 1774-1828",021,Page,,,,,,,,,,,,,,,,,,,,,,,,,,,,2,20,yhm-spe-bro-02-records_s020,,hamLibSparc:12381969,,,,,,,/var/www/diglib/LibSpace/drop-box/Ready-for-Ingest/from-Metalogers/Brothertown/yhm-spe-bro-02-records_s020.tif,/var/www/diglib/LibSpace/drop-box/Ready-for-Ingest/from-Metalogers/Brothertown/yhm-spe-bro-02-records_s020.txt,,
99d96e17-08f5-45af-b274-e01123aa7353,22,"Page 21 - Brothertown Indian records, 1774-1828",022,Page,,,,,,,,,,,,,,,,,,,,,,,,,,,,2,21,yhm-spe-bro-02-records_s021,,hamLibSparc:12381970,,,,,,,/var/www/diglib/LibSpace/drop-box/Ready-for-Ingest/from-Metalogers/Brothertown/yhm-spe-bro-02-records_s021.tif,/var/www/diglib/LibSpace/drop-box/Ready-for-Ingest/from-Metalogers/Brothertown/yhm-spe-bro-02-records_s021.txt,,
0d20cb2f-e08f-4c7a-9784-f4e8b60b5ad0,23,"Page 22 - Brothertown Indian records, 1774-1828",023,Page,,,,,,,,,,,,,,,,,,,,,,,,,,,,2,22,yhm-spe-bro-02-records_s022,,hamLibSparc:12381971,,,,,,,/var/www/diglib/LibSpace/drop-box/Ready-for-Ingest/from-Metalogers/Brothertown/yhm-spe-bro-02-records_s022.tif,/var/www/diglib/LibSpace/drop-box/Ready-for-Ingest/from-Metalogers/Brothertown/yhm-spe-bro-02-records_s022.txt,,
ed484459-6a72-4e73-abc9-9bde12e46e08,24,"Page 23 - Brothertown Indian records, 1774-1828",024,Page,,,,,,,,,,,,,,,,,,,,,,,,,,,,2,23,yhm-spe-bro-02-records_s023,,hamLibSparc:12381972,,,,,,,/var/www/diglib/LibSpace/drop-box/Ready-for-Ingest/from-Metalogers/Brothertown/yhm-spe-bro-02-records_s023.tif,/var/www/diglib/LibSpace/drop-box/Ready-for-Ingest/from-Metalogers/Brothertown/yhm-spe-bro-02-records_s023.txt,,
aff21e6a-35ac-411b-b2d2-40b2d08ea3f2,25,"Page 24 - Brothertown Indian records, 1774-1828",025,Page,,,,,,,,,,,,,,,,,,,,,,,,,,,,2,24,yhm-spe-bro-02-records_s024,,hamLibSparc:12381973,,,,,,,/var/www/diglib/LibSpace/drop-box/Ready-for-Ingest/from-Metalogers/Brothertown/yhm-spe-bro-02-records_s024.tif,/var/www/diglib/LibSpace/drop-box/Ready-for-Ingest/from-Metalogers/Brothertown/yhm-spe-bro-02-records_s024.txt,,
fc58fb29-fff2-478c-a1a9-84e3c49e696e,26,"Page 25 - Brothertown Indian records, 1774-1828",026,Page,,,,,,,,,,,,,,,,,,,,,,,,,,,,2,25,yhm-spe-bro-02-records_s025,,hamLibSparc:12381974,,,,,,,/var/www/diglib/LibSpace/drop-box/Ready-for-Ingest/from-Metalogers/Brothertown/yhm-spe-bro-02-records_s025.tif,/var/www/diglib/LibSpace/drop-box/Ready-for-Ingest/from-Metalogers/Brothertown/yhm-spe-bro-02-records_s025.txt,,
ca94ca66-1281-416d-af05-9dbcf263c075,27,"Page 26 - Brothertown Indian records, 1774-1828",027,Page,,,,,,,,,,,,,,,,,,,,,,,,,,,,2,26,yhm-spe-bro-02-records_s026,,hamLibSparc:12381975,,,,,,,/var/www/diglib/LibSpace/drop-box/Ready-for-Ingest/from-Metalogers/Brothertown/yhm-spe-bro-02-records_s026.tif,/var/www/diglib/LibSpace/drop-box/Ready-for-Ingest/from-Metalogers/Brothertown/yhm-spe-bro-02-records_s026.txt,,
ae44ff41-3d95-46d1-99f8-8e0c6fa2498b,28,"Page 27 - Brothertown Indian records, 1774-1828",028,Page,,,,,,,,,,,,,,,,,,,,,,,,,,,,2,27,yhm-spe-bro-02-records_s027,,hamLibSparc:12381976,,,,,,,/var/www/diglib/LibSpace/drop-box/Ready-for-Ingest/from-Metalogers/Brothertown/yhm-spe-bro-02-records_s027.tif,/var/www/diglib/LibSpace/drop-box/Ready-for-Ingest/from-Metalogers/Brothertown/yhm-spe-bro-02-records_s027.txt,,
fb0e5b60-8110-4179-a51a-d9008ce6fcd4,29,"Page 28 - Brothertown Indian records, 1774-1828",029,Page,,,,,,,,,,,,,,,,,,,,,,,,,,,,2,28,yhm-spe-bro-02-records_s028,,hamLibSparc:12381977,,,,,,,/var/www/diglib/LibSpace/drop-box/Ready-for-Ingest/from-Metalogers/Brothertown/yhm-spe-bro-02-records_s028.tif,/var/www/diglib/LibSpace/drop-box/Ready-for-Ingest/from-Metalogers/Brothertown/yhm-spe-bro-02-records_s028.txt,,
ae922ef3-fb71-4fbf-9e3d-fa618eee5cce,30,"Page 29 - Brothertown Indian records, 1774-1828",030,Page,,,,,,,,,,,,,,,,,,,,,,,,,,,,2,29,yhm-spe-bro-02-records_s029,,hamLibSparc:12381978,,,,,,,/var/www/diglib/LibSpace/drop-box/Ready-for-Ingest/from-Metalogers/Brothertown/yhm-spe-bro-02-records_s029.tif,/var/www/diglib/LibSpace/drop-box/Ready-for-Ingest/from-Metalogers/Brothertown/yhm-spe-bro-02-records_s029.txt,,
1fd51cc0-3b73-43ee-9a0e-6e54edccd92b,31,"Page 30 - Brothertown Indian records, 1774-1828",031,Page,,,,,,,,,,,,,,,,,,,,,,,,,,,,2,30,yhm-spe-bro-02-records_s030,,hamLibSparc:12381979,,,,,,,/var/www/diglib/LibSpace/drop-box/Ready-for-Ingest/from-Metalogers/Brothertown/yhm-spe-bro-02-records_s030.tif,/var/www/diglib/LibSpace/drop-box/Ready-for-Ingest/from-Metalogers/Brothertown/yhm-spe-bro-02-records_s030.txt,,
b655d724-b4f9-4801-97c3-26e679025555,32,"Page 31 - Brothertown Indian records, 1774-1828",032,Page,,,,,,,,,,,,,,,,,,,,,,,,,,,,2,31,yhm-spe-bro-02-records_s031,,hamLibSparc:12381980,,,,,,,/var/www/diglib/LibSpace/drop-box/Ready-for-Ingest/from-Metalogers/Brothertown/yhm-spe-bro-02-records_s031.tif,/var/www/diglib/LibSpace/drop-box/Ready-for-Ingest/from-Metalogers/Brothertown/yhm-spe-bro-02-records_s031.txt,,
808e8d2f-99e2-4b3f-8684-8b7236ce58b6,33,"Page 32 - Brothertown Indian records, 1774-1828",033,Page,,,,,,,,,,,,,,,,,,,,,,,,,,,,2,32,yhm-spe-bro-02-records_s032,,hamLibSparc:12381981,,,,,,,/var/www/diglib/LibSpace/drop-box/Ready-for-Ingest/from-Metalogers/Brothertown/yhm-spe-bro-02-records_s032.tif,/var/www/diglib/LibSpace/drop-box/Ready-for-Ingest/from-Metalogers/Brothertown/yhm-spe-bro-02-records_s032.txt,,
24d32950-781a-48d2-98b4-17a42b9a2af0,34,"Page 33 - Brothertown Indian records, 1774-1828",034,Page,,,,,,,,,,,,,,,,,,,,,,,,,,,,2,33,yhm-spe-bro-02-records_s033,,hamLibSparc:12381982,,,,,,,/var/www/diglib/LibSpace/drop-box/Ready-for-Ingest/from-Metalogers/Brothertown/yhm-spe-bro-02-records_s033.tif,/var/www/diglib/LibSpace/drop-box/Ready-for-Ingest/from-Metalogers/Brothertown/yhm-spe-bro-02-records_s033.txt,,
56847618-5063-438f-a1c8-ee11106de3e9,35,"Page 34 - Brothertown Indian records, 1774-1828",035,Page,,,,,,,,,,,,,,,,,,,,,,,,,,,,2,34,yhm-spe-bro-02-records_s034,,hamLibSparc:12381983,,,,,,,/var/www/diglib/LibSpace/drop-box/Ready-for-Ingest/from-Metalogers/Brothertown/yhm-spe-bro-02-records_s034.tif,/var/www/diglib/LibSpace/drop-box/Ready-for-Ingest/from-Metalogers/Brothertown/yhm-spe-bro-02-records_s034.txt,,
a69057de-1f36-4a3a-8fa9-2ace8e33f553,36,"Page 35 - Brothertown Indian records, 1774-1828",036,Page,,,,,,,,,,,,,,,,,,,,,,,,,,,,2,35,yhm-spe-bro-02-records_s035,,hamLibSparc:12381984,,,,,,,/var/www/diglib/LibSpace/drop-box/Ready-for-Ingest/from-Metalogers/Brothertown/yhm-spe-bro-02-records_s035.tif,/var/www/diglib/LibSpace/drop-box/Ready-for-Ingest/from-Metalogers/Brothertown/yhm-spe-bro-02-records_s035.txt,,
9235f1cc-a2de-466c-b100-3008e1a86c7d,37,"Page 36 - Brothertown Indian records, 1774-1828",037,Page,,,,,,,,,,,,,,,,,,,,,,,,,,,,2,36,yhm-spe-bro-02-records_s036,,hamLibSparc:12381985,,,,,,,/var/www/diglib/LibSpace/drop-box/Ready-for-Ingest/from-Metalogers/Brothertown/yhm-spe-bro-02-records_s036.tif,/var/www/diglib/LibSpace/drop-box/Ready-for-Ingest/from-Metalogers/Brothertown/yhm-spe-bro-02-records_s036.txt,,
02be03e4-80a5-4185-8bfe-68c9c092012d,38,"Page 37 - Brothertown Indian records, 1774-1828",038,Page,,,,,,,,,,,,,,,,,,,,,,,,,,,,2,37,yhm-spe-bro-02-records_s037,,hamLibSparc:12381986,,,,,,,/var/www/diglib/LibSpace/drop-box/Ready-for-Ingest/from-Metalogers/Brothertown/yhm-spe-bro-02-records_s037.tif,/var/www/diglib/LibSpace/drop-box/Ready-for-Ingest/from-Metalogers/Brothertown/yhm-spe-bro-02-records_s037.txt,,
4fbcf310-0126-4718-a91e-451cbf4cfef9,39,"Page 38 - Brothertown Indian records, 1774-1828",039,Page,,,,,,,,,,,,,,,,,,,,,,,,,,,,2,38,yhm-spe-bro-02-records_s038,,hamLibSparc:12381987,,,,,,,/var/www/diglib/LibSpace/drop-box/Ready-for-Ingest/from-Metalogers/Brothertown/yhm-spe-bro-02-records_s038.tif,/var/www/diglib/LibSpace/drop-box/Ready-for-Ingest/from-Metalogers/Brothertown/yhm-spe-bro-02-records_s038.txt,,
414b2e05-6fb3-4516-81c1-60a1409bd768,40,"Page 39 - Brothertown Indian records, 1774-1828",040,Page,,,,,,,,,,,,,,,,,,,,,,,,,,,,2,39,yhm-spe-bro-02-records_s039,,hamLibSparc:12381988,,,,,,,/var/www/diglib/LibSpace/drop-box/Ready-for-Ingest/from-Metalogers/Brothertown/yhm-spe-bro-02-records_s039.tif,/var/www/diglib/LibSpace/drop-box/Ready-for-Ingest/from-Metalogers/Brothertown/yhm-spe-bro-02-records_s039.txt,,
76374fd8-a56b-4d32-b95f-37eed747eaed,41,"Page 40 - Brothertown Indian records, 1774-1828",041,Page,,,,,,,,,,,,,,,,,,,,,,,,,,,,2,40,yhm-spe-bro-02-records_s040,,hamLibSparc:12381989,,,,,,,/var/www/diglib/LibSpace/drop-box/Ready-for-Ingest/from-Metalogers/Brothertown/yhm-spe-bro-02-records_s040.tif,/var/www/diglib/LibSpace/drop-box/Ready-for-Ingest/from-Metalogers/Brothertown/yhm-spe-bro-02-records_s040.txt,,
48332f15-ca35-4157-846c-e905e1a878c1,42,"Page 41 - Brothertown Indian records, 1774-1828",042,Page,,,,,,,,,,,,,,,,,,,,,,,,,,,,2,41,yhm-spe-bro-02-records_s041,,hamLibSparc:12381990,,,,,,,/var/www/diglib/LibSpace/drop-box/Ready-for-Ingest/from-Metalogers/Brothertown/yhm-spe-bro-02-records_s041.tif,/var/www/diglib/LibSpace/drop-box/Ready-for-Ingest/from-Metalogers/Brothertown/yhm-spe-bro-02-records_s041.txt,,
dbfa2786-2a32-4041-b2e5-2b200127e581,43,"Page 42 - Brothertown Indian records, 1774-1828",043,Page,,,,,,,,,,,,,,,,,,,,,,,,,,,,2,42,yhm-spe-bro-02-records_s042,,hamLibSparc:12381991,,,,,,,/var/www/diglib/LibSpace/drop-box/Ready-for-Ingest/from-Metalogers/Brothertown/yhm-spe-bro-02-records_s042.tif,/var/www/diglib/LibSpace/drop-box/Ready-for-Ingest/from-Metalogers/Brothertown/yhm-spe-bro-02-records_s042.txt,,
ac919c50-6c34-437c-a33b-9621137093d3,44,"Page 43 - Brothertown Indian records, 1774-1828",044,Page,,,,,,,,,,,,,,,,,,,,,,,,,,,,2,43,yhm-spe-bro-02-records_s043,,hamLibSparc:12381992,,,,,,,/var/www/diglib/LibSpace/drop-box/Ready-for-Ingest/from-Metalogers/Brothertown/yhm-spe-bro-02-records_s043.tif,/var/www/diglib/LibSpace/drop-box/Ready-for-Ingest/from-Metalogers/Brothertown/yhm-spe-bro-02-records_s043.txt,,
ba5555e4-beec-42d4-bf04-337c4782ba32,45,"Page 44 - Brothertown Indian records, 1774-1828",045,Page,,,,,,,,,,,,,,,,,,,,,,,,,,,,2,44,yhm-spe-bro-02-records_s044,,hamLibSparc:12381993,,,,,,,/var/www/diglib/LibSpace/drop-box/Ready-for-Ingest/from-Metalogers/Brothertown/yhm-spe-bro-02-records_s044.tif,/var/www/diglib/LibSpace/drop-box/Ready-for-Ingest/from-Metalogers/Brothertown/yhm-spe-bro-02-records_s044.txt,,
6e6a88b8-c4e7-41f1-a9a6-81c6479efa2a,46,"Page 45 - Brothertown Indian records, 1774-1828",046,Page,,,,,,,,,,,,,,,,,,,,,,,,,,,,2,45,yhm-spe-bro-02-records_s045,,hamLibSparc:12381994,,,,,,,/var/www/diglib/LibSpace/drop-box/Ready-for-Ingest/from-Metalogers/Brothertown/yhm-spe-bro-02-records_s045.tif,/var/www/diglib/LibSpace/drop-box/Ready-for-Ingest/from-Metalogers/Brothertown/yhm-spe-bro-02-records_s045.txt,,
47d57f5e-5224-4084-b177-af635ca58f6a,47,"Page 46 - Brothertown Indian records, 1774-1828",047,Page,,,,,,,,,,,,,,,,,,,,,,,,,,,,2,46,yhm-spe-bro-02-records_s046,,hamLibSparc:12381995,,,,,,,/var/www/diglib/LibSpace/drop-box/Ready-for-Ingest/from-Metalogers/Brothertown/yhm-spe-bro-02-records_s046.tif,/var/www/diglib/LibSpace/drop-box/Ready-for-Ingest/from-Metalogers/Brothertown/yhm-spe-bro-02-records_s046.txt,,
d6d77473-5bbb-476a-844c-6f5d960167d3,48,"Page 47 - Brothertown Indian records, 1774-1828",048,Page,,,,,,,,,,,,,,,,,,,,,,,,,,,,2,47,yhm-spe-bro-02-records_s047,,hamLibSparc:12381996,,,,,,,/var/www/diglib/LibSpace/drop-box/Ready-for-Ingest/from-Metalogers/Brothertown/yhm-spe-bro-02-records_s047.tif,/var/www/diglib/LibSpace/drop-box/Ready-for-Ingest/from-Metalogers/Brothertown/yhm-spe-bro-02-records_s047.txt,,
06843428-4ddb-46d5-a510-e3997c3f6aa6,49,"Page 48 - Brothertown Indian records, 1774-1828",049,Page,,,,,,,,,,,,,,,,,,,,,,,,,,,,2,48,yhm-spe-bro-02-records_s048,,hamLibSparc:12381997,,,,,,,/var/www/diglib/LibSpace/drop-box/Ready-for-Ingest/from-Metalogers/Brothertown/yhm-spe-bro-02-records_s048.tif,/var/www/diglib/LibSpace/drop-box/Ready-for-Ingest/from-Metalogers/Brothertown/yhm-spe-bro-02-records_s048.txt,,
7cbce6eb-216e-479b-b7fb-d24f2ac25709,50,"Page 49 - Brothertown Indian records, 1774-1828",050,Page,,,,,,,,,,,,,,,,,,,,,,,,,,,,2,49,yhm-spe-bro-02-records_s049,,hamLibSparc:12381998,,,,,,,/var/www/diglib/LibSpace/drop-box/Ready-for-Ingest/from-Metalogers/Brothertown/yhm-spe-bro-02-records_s049.tif,/var/www/diglib/LibSpace/drop-box/Ready-for-Ingest/from-Metalogers/Brothertown/yhm-spe-bro-02-records_s049.txt,,
5109beec-bdfc-4a06-a260-8ec78edb74d6,51,"Page 50 - Brothertown Indian records, 1774-1828",051,Page,,,,,,,,,,,,,,,,,,,,,,,,,,,,2,50,yhm-spe-bro-02-records_s050,,hamLibSparc:12381999,,,,,,,/var/www/diglib/LibSpace/drop-box/Ready-for-Ingest/from-Metalogers/Brothertown/yhm-spe-bro-02-records_s050.tif,/var/www/diglib/LibSpace/drop-box/Ready-for-Ingest/from-Metalogers/Brothertown/yhm-spe-bro-02-records_s050.txt,,
3a417f26-246e-4c4b-99a1-938bc01a2478,52,"Page 51 - Brothertown Indian records, 1774-1828",052,Page,,,,,,,,,,,,,,,,,,,,,,,,,,,,2,51,yhm-spe-bro-02-records_s051,,hamLibSparc:12382000,,,,,,,/var/www/diglib/LibSpace/drop-box/Ready-for-Ingest/from-Metalogers/Brothertown/yhm-spe-bro-02-records_s051.tif,/var/www/diglib/LibSpace/drop-box/Ready-for-Ingest/from-Metalogers/Brothertown/yhm-spe-bro-02-records_s051.txt,,
84d341b5-d1d2-4ccd-b23a-eb07a9a0758f,53,"Page 52 - Brothertown Indian records, 1774-1828",053,Page,,,,,,,,,,,,,,,,,,,,,,,,,,,,2,52,yhm-spe-bro-02-records_s052,,hamLibSparc:12382001,,,,,,,/var/www/diglib/LibSpace/drop-box/Ready-for-Ingest/from-Metalogers/Brothertown/yhm-spe-bro-02-records_s052.tif,/var/www/diglib/LibSpace/drop-box/Ready-for-Ingest/from-Metalogers/Brothertown/yhm-spe-bro-02-records_s052.txt,,
91f83bde-9802-41bb-943a-fd88f275e409,54,"Page 53 - Brothertown Indian records, 1774-1828",054,Page,,,,,,,,,,,,,,,,,,,,,,,,,,,,2,53,yhm-spe-bro-02-records_s053,,hamLibSparc:12382002,,,,,,,/var/www/diglib/LibSpace/drop-box/Ready-for-Ingest/from-Metalogers/Brothertown/yhm-spe-bro-02-records_s053.tif,/var/www/diglib/LibSpace/drop-box/Ready-for-Ingest/from-Metalogers/Brothertown/yhm-spe-bro-02-records_s053.txt,,
8b4fa63f-0016-4932-81d0-ea25d0944dcd,55,"Page 54 - Brothertown Indian records, 1774-1828",055,Page,,,,,,,,,,,,,,,,,,,,,,,,,,,,2,54,yhm-spe-bro-02-records_s054,,hamLibSparc:12382003,,,,,,,/var/www/diglib/LibSpace/drop-box/Ready-for-Ingest/from-Metalogers/Brothertown/yhm-spe-bro-02-records_s054.tif,/var/www/diglib/LibSpace/drop-box/Ready-for-Ingest/from-Metalogers/Brothertown/yhm-spe-bro-02-records_s054.txt,,
d578580c-219f-406a-9c77-4ce03c91a64b,56,"Page 55 - Brothertown Indian records, 1774-1828",056,Page,,,,,,,,,,,,,,,,,,,,,,,,,,,,2,55,yhm-spe-bro-02-records_s055,,hamLibSparc:12382004,,,,,,,/var/www/diglib/LibSpace/drop-box/Ready-for-Ingest/from-Metalogers/Brothertown/yhm-spe-bro-02-records_s055.tif,/var/www/diglib/LibSpace/drop-box/Ready-for-Ingest/from-Metalogers/Brothertown/yhm-spe-bro-02-records_s055.txt,,
44aeb933-d244-4a5b-8fcb-8bc4b0d8e91b,57,"Page 56 - Brothertown Indian records, 1774-1828",057,Page,,,,,,,,,,,,,,,,,,,,,,,,,,,,2,56,yhm-spe-bro-02-records_s056,,hamLibSparc:12382005,,,,,,,/var/www/diglib/LibSpace/drop-box/Ready-for-Ingest/from-Metalogers/Brothertown/yhm-spe-bro-02-records_s056.tif,/var/www/diglib/LibSpace/drop-box/Ready-for-Ingest/from-Metalogers/Brothertown/yhm-spe-bro-02-records_s056.txt,,
d93e7117-cc71-478b-81b6-2677b4a40249,58,"Page 57 - Brothertown Indian records, 1774-1828",058,Page,,,,,,,,,,,,,,,,,,,,,,,,,,,,2,57,yhm-spe-bro-02-records_s057,,hamLibSparc:12382006,,,,,,,/var/www/diglib/LibSpace/drop-box/Ready-for-Ingest/from-Metalogers/Brothertown/yhm-spe-bro-02-records_s057.tif,/var/www/diglib/LibSpace/drop-box/Ready-for-Ingest/from-Metalogers/Brothertown/yhm-spe-bro-02-records_s057.txt,,
1a593796-e146-4362-be2a-3432f8327250,59,"Page 58 - Brothertown Indian records, 1774-1828",059,Page,,,,,,,,,,,,,,,,,,,,,,,,,,,,2,58,yhm-spe-bro-02-records_s058,,hamLibSparc:12382007,,,,,,,/var/www/diglib/LibSpace/drop-box/Ready-for-Ingest/from-Metalogers/Brothertown/yhm-spe-bro-02-records_s058.tif,/var/www/diglib/LibSpace/drop-box/Ready-for-Ingest/from-Metalogers/Brothertown/yhm-spe-bro-02-records_s058.txt,,
c75a043b-1ab2-4592-9fcf-1914f46822df,60,"Page 59 - Brothertown Indian records, 1774-1828",060,Page,,,,,,,,,,,,,,,,,,,,,,,,,,,,2,59,yhm-spe-bro-02-records_s059,,hamLibSparc:12382008,,,,,,,/var/www/diglib/LibSpace/drop-box/Ready-for-Ingest/from-Metalogers/Brothertown/yhm-spe-bro-02-records_s059.tif,/var/www/diglib/LibSpace/drop-box/Ready-for-Ingest/from-Metalogers/Brothertown/yhm-spe-bro-02-records_s059.txt,,
7d3392e3-f446-452d-ad5b-8a483635fd80,61,"Page 60 - Brothertown Indian records, 1774-1828",061,Page,,,,,,,,,,,,,,,,,,,,,,,,,,,,2,60,yhm-spe-bro-02-records_s060,,hamLibSparc:12382009,,,,,,,/var/www/diglib/LibSpace/drop-box/Ready-for-Ingest/from-Metalogers/Brothertown/yhm-spe-bro-02-records_s060.tif,/var/www/diglib/LibSpace/drop-box/Ready-for-Ingest/from-Metalogers/Brothertown/yhm-spe-bro-02-records_s060.txt,,
9761283f-5669-4072-a49d-a29ca5533451,62,"Page 61 - Brothertown Indian records, 1774-1828",062,Page,,,,,,,,,,,,,,,,,,,,,,,,,,,,2,61,yhm-spe-bro-02-records_s061,,hamLibSparc:12382010,,,,,,,/var/www/diglib/LibSpace/drop-box/Ready-for-Ingest/from-Metalogers/Brothertown/yhm-spe-bro-02-records_s061.tif,/var/www/diglib/LibSpace/drop-box/Ready-for-Ingest/from-Metalogers/Brothertown/yhm-spe-bro-02-records_s061.txt,,
e0115e85-0c52-45ac-8b31-3de2b196842f,63,"Page 62 - Brothertown Indian records, 1774-1828",063,Page,,,,,,,,,,,,,,,,,,,,,,,,,,,,2,62,yhm-spe-bro-02-records_s062,,hamLibSparc:12382011,,,,,,,/var/www/diglib/LibSpace/drop-box/Ready-for-Ingest/from-Metalogers/Brothertown/yhm-spe-bro-02-records_s062.tif,/var/www/diglib/LibSpace/drop-box/Ready-for-Ingest/from-Metalogers/Brothertown/yhm-spe-bro-02-records_s062.txt,,
902c2b36-9cc2-46a4-9a5e-1729597a754d,64,"Page 63 - Brothertown Indian records, 1774-1828",064,Page,,,,,,,,,,,,,,,,,,,,,,,,,,,,2,63,yhm-spe-bro-02-records_s063,,hamLibSparc:12382012,,,,,,,/var/www/diglib/LibSpace/drop-box/Ready-for-Ingest/from-Metalogers/Brothertown/yhm-spe-bro-02-records_s063.tif,/var/www/diglib/LibSpace/drop-box/Ready-for-Ingest/from-Metalogers/Brothertown/yhm-spe-bro-02-records_s063.txt,,
8717d6f5-0af6-4cb0-bc83-7cd53c1b67ae,65,"Page 64 - Brothertown Indian records, 1774-1828",065,Page,,,,,,,,,,,,,,,,,,,,,,,,,,,,2,64,yhm-spe-bro-02-records_s064,,hamLibSparc:12382013,,,,,,,/var/www/diglib/LibSpace/drop-box/Ready-for-Ingest/from-Metalogers/Brothertown/yhm-spe-bro-02-records_s064.tif,/var/www/diglib/LibSpace/drop-box/Ready-for-Ingest/from-Metalogers/Brothertown/yhm-spe-bro-02-records_s064.txt,,
a0e69a07-66c9-448b-aea5-3c9465709f90,66,"Page 65 - Brothertown Indian records, 1774-1828",066,Page,,,,,,,,,,,,,,,,,,,,,,,,,,,,2,65,yhm-spe-bro-02-records_s065,,hamLibSparc:12382014,,,,,,,/var/www/diglib/LibSpace/drop-box/Ready-for-Ingest/from-Metalogers/Brothertown/yhm-spe-bro-02-records_s065.tif,/var/www/diglib/LibSpace/drop-box/Ready-for-Ingest/from-Metalogers/Brothertown/yhm-spe-bro-02-records_s065.txt,,
2ee9f391-9cf8-44a9-af25-f26f785d3772,67,"Page 66 - Brothertown Indian records, 1774-1828",067,Page,,,,,,,,,,,,,,,,,,,,,,,,,,,,2,66,yhm-spe-bro-02-records_s066,,hamLibSparc:12382015,,,,,,,/var/www/diglib/LibSpace/drop-box/Ready-for-Ingest/from-Metalogers/Brothertown/yhm-spe-bro-02-records_s066.tif,/var/www/diglib/LibSpace/drop-box/Ready-for-Ingest/from-Metalogers/Brothertown/yhm-spe-bro-02-records_s066.txt,,
de08e63f-ecae-4cfd-af1f-e483b9f2d840,68,"Page 67 - Brothertown Indian records, 1774-1828",068,Page,,,,,,,,,,,,,,,,,,,,,,,,,,,,2,67,yhm-spe-bro-02-records_s067,,hamLibSparc:12382016,,,,,,,/var/www/diglib/LibSpace/drop-box/Ready-for-Ingest/from-Metalogers/Brothertown/yhm-spe-bro-02-records_s067.tif,/var/www/diglib/LibSpace/drop-box/Ready-for-Ingest/from-Metalogers/Brothertown/yhm-spe-bro-02-records_s067.txt,,
a994019c-bbfa-4c5d-86b0-d2026c99d432,69,"Page 68 - Brothertown Indian records, 1774-1828",069,Page,,,,,,,,,,,,,,,,,,,,,,,,,,,,2,68,yhm-spe-bro-02-records_s068,,hamLibSparc:12382017,,,,,,,/var/www/diglib/LibSpace/drop-box/Ready-for-Ingest/from-Metalogers/Brothertown/yhm-spe-bro-02-records_s068.tif,/var/www/diglib/LibSpace/drop-box/Ready-for-Ingest/from-Metalogers/Brothertown/yhm-spe-bro-02-records_s068.txt,,
8be44403-9884-4ce9-88fd-8498356b1238,70,"Page 69 - Brothertown Indian records, 1774-1828",070,Page,,,,,,,,,,,,,,,,,,,,,,,,,,,,2,69,yhm-spe-bro-02-records_s069,,hamLibSparc:12382018,,,,,,,/var/www/diglib/LibSpace/drop-box/Ready-for-Ingest/from-Metalogers/Brothertown/yhm-spe-bro-02-records_s069.tif,/var/www/diglib/LibSpace/drop-box/Ready-for-Ingest/from-Metalogers/Brothertown/yhm-spe-bro-02-records_s069.txt,,
a5a8aaec-c636-49c1-b3f6-8e135523bca7,71,"Page 70 - Brothertown Indian records, 1774-1828",071,Page,,,,,,,,,,,,,,,,,,,,,,,,,,,,2,70,yhm-spe-bro-02-records_s070,,hamLibSparc:12382019,,,,,,,/var/www/diglib/LibSpace/drop-box/Ready-for-Ingest/from-Metalogers/Brothertown/yhm-spe-bro-02-records_s070.tif,/var/www/diglib/LibSpace/drop-box/Ready-for-Ingest/from-Metalogers/Brothertown/yhm-spe-bro-02-records_s070.txt,,
baa65219-42af-4e18-a9f9-6f8f410fd7c4,72,"Page 71 - Brothertown Indian records, 1774-1828",072,Page,,,,,,,,,,,,,,,,,,,,,,,,,,,,2,71,yhm-spe-bro-02-records_s071,,hamLibSparc:12382020,,,,,,,/var/www/diglib/LibSpace/drop-box/Ready-for-Ingest/from-Metalogers/Brothertown/yhm-spe-bro-02-records_s071.tif,/var/www/diglib/LibSpace/drop-box/Ready-for-Ingest/from-Metalogers/Brothertown/yhm-spe-bro-02-records_s071.txt,,
85cb02ca-b396-4f01-b9a5-37cac116d190,73,"Page 72 - Brothertown Indian records, 1774-1828",073,Page,,,,,,,,,,,,,,,,,,,,,,,,,,,,2,72,yhm-spe-bro-02-records_s072,,hamLibSparc:12382021,,,,,,,/var/www/diglib/LibSpace/drop-box/Ready-for-Ingest/from-Metalogers/Brothertown/yhm-spe-bro-02-records_s072.tif,/var/www/diglib/LibSpace/drop-box/Ready-for-Ingest/from-Metalogers/Brothertown/yhm-spe-bro-02-records_s072.txt,,
50f7711c-d97c-43f7-9a1e-22455196fca8,74,"Page 73 - Brothertown Indian records, 1774-1828",074,Page,,,,,,,,,,,,,,,,,,,,,,,,,,,,2,73,yhm-spe-bro-02-records_s073,,hamLibSparc:12382022,,,,,,,/var/www/diglib/LibSpace/drop-box/Ready-for-Ingest/from-Metalogers/Brothertown/yhm-spe-bro-02-records_s073.tif,/var/www/diglib/LibSpace/drop-box/Ready-for-Ingest/from-Metalogers/Brothertown/yhm-spe-bro-02-records_s073.txt,,
1cdecc75-4e67-4edc-b81f-4374bec4491c,75,"Page 74 - Brothertown Indian records, 1774-1828",075,Page,,,,,,,,,,,,,,,,,,,,,,,,,,,,2,74,yhm-spe-bro-02-records_s074,,hamLibSparc:12382023,,,,,,,/var/www/diglib/LibSpace/drop-box/Ready-for-Ingest/from-Metalogers/Brothertown/yhm-spe-bro-02-records_s074.tif,/var/www/diglib/LibSpace/drop-box/Ready-for-Ingest/from-Metalogers/Brothertown/yhm-spe-bro-02-records_s074.txt,,
c3494b75-a2f0-42cc-8a12-ed22fd322e4a,76,"Page 75 - Brothertown Indian records, 1774-1828",076,Page,,,,,,,,,,,,,,,,,,,,,,,,,,,,2,75,yhm-spe-bro-02-records_s075,,hamLibSparc:12382024,,,,,,,/var/www/diglib/LibSpace/drop-box/Ready-for-Ingest/from-Metalogers/Brothertown/yhm-spe-bro-02-records_s075.tif,/var/www/diglib/LibSpace/drop-box/Ready-for-Ingest/from-Metalogers/Brothertown/yhm-spe-bro-02-records_s075.txt,,
19a9d5c2-2ecd-44f3-ba64-21c3a832e1b6,77,"Page 76 - Brothertown Indian records, 1774-1828",077,Page,,,,,,,,,,,,,,,,,,,,,,,,,,,,2,76,yhm-spe-bro-02-records_s076,,hamLibSparc:12382025,,,,,,,/var/www/diglib/LibSpace/drop-box/Ready-for-Ingest/from-Metalogers/Brothertown/yhm-spe-bro-02-records_s076.tif,/var/www/diglib/LibSpace/drop-box/Ready-for-Ingest/from-Metalogers/Brothertown/yhm-spe-bro-02-records_s076.txt,,
62abce01-ceba-4ecd-89e8-172c14bdb90b,78,"Page 77 - Brothertown Indian records, 1774-1828",078,Page,,,,,,,,,,,,,,,,,,,,,,,,,,,,2,77,yhm-spe-bro-02-records_s077,,hamLibSparc:12382026,,,,,,,/var/www/diglib/LibSpace/drop-box/Ready-for-Ingest/from-Metalogers/Brothertown/yhm-spe-bro-02-records_s077.tif,/var/www/diglib/LibSpace/drop-box/Ready-for-Ingest/from-Metalogers/Brothertown/yhm-spe-bro-02-records_s077.txt,,
b5a5a05b-c5f1-4791-aef2-1a8fe29bb5b1,79,"Page 78 - Brothertown Indian records, 1774-1828",079,Page,,,,,,,,,,,,,,,,,,,,,,,,,,,,2,78,yhm-spe-bro-02-records_s078,,hamLibSparc:12382027,,,,,,,/var/www/diglib/LibSpace/drop-box/Ready-for-Ingest/from-Metalogers/Brothertown/yhm-spe-bro-02-records_s078.tif,/var/www/diglib/LibSpace/drop-box/Ready-for-Ingest/from-Metalogers/Brothertown/yhm-spe-bro-02-records_s078.txt,,
bb350c48-e028-4a2b-8a2a-873aa7afe69e,80,"Page 79 - Brothertown Indian records, 1774-1828",080,Page,,,,,,,,,,,,,,,,,,,,,,,,,,,,2,79,yhm-spe-bro-02-records_s079,,hamLibSparc:12382028,,,,,,,/var/www/diglib/LibSpace/drop-box/Ready-for-Ingest/from-Metalogers/Brothertown/yhm-spe-bro-02-records_s079.tif,/var/www/diglib/LibSpace/drop-box/Ready-for-Ingest/from-Metalogers/Brothertown/yhm-spe-bro-02-records_s079.txt,,
77ccc386-6431-4dbc-83d8-a61aa258e252,81,"Page 80 - Brothertown Indian records, 1774-1828",081,Page,,,,,,,,,,,,,,,,,,,,,,,,,,,,2,80,yhm-spe-bro-02-records_s080,,hamLibSparc:12382029,,,,,,,/var/www/diglib/LibSpace/drop-box/Ready-for-Ingest/from-Metalogers/Brothertown/yhm-spe-bro-02-records_s080.tif,/var/www/diglib/LibSpace/drop-box/Ready-for-Ingest/from-Metalogers/Brothertown/yhm-spe-bro-02-records_s080.txt,,
49307f98-5dcb-48a8-937f-df8174956b30,82,"Page 81 - Brothertown Indian records, 1774-1828",082,Page,,,,,,,,,,,,,,,,,,,,,,,,,,,,2,81,yhm-spe-bro-02-records_s081,,hamLibSparc:12382030,,,,,,,/var/www/diglib/LibSpace/drop-box/Ready-for-Ingest/from-Metalogers/Brothertown/yhm-spe-bro-02-records_s081.tif,/var/www/diglib/LibSpace/drop-box/Ready-for-Ingest/from-Metalogers/Brothertown/yhm-spe-bro-02-records_s081.txt,,
2f642254-843c-4f40-aa8e-ed4e8374f29a,83,"Page 82 - Brothertown Indian records, 1774-1828",083,Page,,,,,,,,,,,,,,,,,,,,,,,,,,,,2,82,yhm-spe-bro-02-records_s082,,hamLibSparc:12382031,,,,,,,/var/www/diglib/LibSpace/drop-box/Ready-for-Ingest/from-Metalogers/Brothertown/yhm-spe-bro-02-records_s082.tif,/var/www/diglib/LibSpace/drop-box/Ready-for-Ingest/from-Metalogers/Brothertown/yhm-spe-bro-02-records_s082.txt,,
6f6f45d6-7f91-426e-bd45-21a61f934077,84,"Page 83 - Brothertown Indian records, 1774-1828",084,Page,,,,,,,,,,,,,,,,,,,,,,,,,,,,2,83,yhm-spe-bro-02-records_s083,,hamLibSparc:12382032,,,,,,,/var/www/diglib/LibSpace/drop-box/Ready-for-Ingest/from-Metalogers/Brothertown/yhm-spe-bro-02-records_s083.tif,/var/www/diglib/LibSpace/drop-box/Ready-for-Ingest/from-Metalogers/Brothertown/yhm-spe-bro-02-records_s083.txt,,
a7b62a85-0b3a-4418-8844-31674ee5924f,85,"Page 84 - Brothertown Indian records, 1774-1828",085,Page,,,,,,,,,,,,,,,,,,,,,,,,,,,,2,84,yhm-spe-bro-02-records_s084,,hamLibSparc:12382033,,,,,,,/var/www/diglib/LibSpace/drop-box/Ready-for-Ingest/from-Metalogers/Brothertown/yhm-spe-bro-02-records_s084.tif,/var/www/diglib/LibSpace/drop-box/Ready-for-Ingest/from-Metalogers/Brothertown/yhm-spe-bro-02-records_s084.txt,,
1b49078f-560c-4c55-b1a2-0f70c192c214,86,"Page 85 - Brothertown Indian records, 1774-1828",086,Page,,,,,,,,,,,,,,,,,,,,,,,,,,,,2,85,yhm-spe-bro-02-records_s085,,hamLibSparc:12382034,,,,,,,/var/www/diglib/LibSpace/drop-box/Ready-for-Ingest/from-Metalogers/Brothertown/yhm-spe-bro-02-records_s085.tif,/var/www/diglib/LibSpace/drop-box/Ready-for-Ingest/from-Metalogers/Brothertown/yhm-spe-bro-02-records_s085.txt,,
e8cc801c-0853-435c-b603-6161c5f516be,87,"Page 86 - Brothertown Indian records, 1774-1828",087,Page,,,,,,,,,,,,,,,,,,,,,,,,,,,,2,86,yhm-spe-bro-02-records_s086,,hamLibSparc:12382035,,,,,,,/var/www/diglib/LibSpace/drop-box/Ready-for-Ingest/from-Metalogers/Brothertown/yhm-spe-bro-02-records_s086.tif,/var/www/diglib/LibSpace/drop-box/Ready-for-Ingest/from-Metalogers/Brothertown/yhm-spe-bro-02-records_s086.txt,,
c28e7292-05d3-4c30-813b-4bbae5a01176,88,"Page 87 - Brothertown Indian records, 1774-1828",088,Page,,,,,,,,,,,,,,,,,,,,,,,,,,,,2,87,yhm-spe-bro-02-records_s087,,hamLibSparc:12382036,,,,,,,/var/www/diglib/LibSpace/drop-box/Ready-for-Ingest/from-Metalogers/Brothertown/yhm-spe-bro-02-records_s087.tif,/var/www/diglib/LibSpace/drop-box/Ready-for-Ingest/from-Metalogers/Brothertown/yhm-spe-bro-02-records_s087.txt,,
2227fc76-2827-4a7e-84f3-87e4e8bbdd31,89,"Agreement between Stockbridge Indians and John Sergeant, Jr. to broker a land purchase in Indiana, December 12, 1819",089,Manuscript,Manuscripts,"Covenants, laws, and legal and land records",,,"Covenants, laws, and legal and land records",,,,"Aupaumut, Hendrick, 1757?-1830|@|Quinney, John W., 1797-1855|@|Hendrick, Solomon T.|@|Yoccum, Moses|@|Maumauntuthecon, Abram|@|Littleman, Jacob|@|Cheekthaucon, Jacob|@|Hendrick, Abner W., approximately 1796-1828|@|Quinney, Timothy|@|Hendrick, Solomon U. (Uhhaunowwaunmut), approximately 1796-1825",,,,,,,1819-12-12|@|1819-12-12|@|1819-12-12,1819-12-12,,English,2 images,Agreement dated December 1819 between John Sargent Junior and the Stockbridge Tribe of Indians,Oneida County (N.Y.)|@|Stockbridge (N.Y. : Town)|@|White River (Ind. : River),Stockbridge Indians|@|Brotherton Indians,"Sergeant, John, 1747-1824",Indian land transfers,,94608942-674a-496f-b98b-af5a9f480fc0,,,yhm-spe-bro-doc-12-12-1819,Hamilton College Archives|@|Oversize HAM COLL HE I63 S86,hamLibSparc:12381791,There are no restrictions on access to this resource.,https://rightsstatements.org/page/NKC/1.0/?language=en,"Hamilton College Library, Clinton, New York, United States",Hamilton College Library Digital Collections|@|Brothertown Indian Nation Records,2018-01-01T00:00:00Z|@|2018-01-01T00:00:00.000Z|@|2018,/var/www/diglib/LibSpace/drop-box/Ready-for-Ingest/from-Metalogers/Brothertown/yhm-spe-bro-doc-12-12-1819.pdf,,/var/www/diglib/LibSpace/drop-box/Ready-for-Ingest/from-Metalogers/Brothertown/yhm-spe-bro-doc-12-12-1819.txt,,
2c6e6593-bb80-442f-ad02-677f8eb52b29,90,"Page 1 - Agreement between Stockbridge Indians and John Sergeant, Jr. to broker a land purchase in Indiana, December 12, 1819",090,Page,,,,,,,,,,,,,,,,,,,,,,,,,,,,90,1,yhm-spe-bro-doc-12-12-1819_s001,,hamLibSparc:12382052,,,,,,,/var/www/diglib/LibSpace/drop-box/Ready-for-Ingest/from-Metalogers/Brothertown/yhm-spe-bro-doc-12-12-1819_s001.tif,/var/www/diglib/LibSpace/drop-box/Ready-for-Ingest/from-Metalogers/Brothertown/yhm-spe-bro-doc-12-12-1819_s001.txt,,
5133f343-d60c-4486-9669-16e89825160b,91,"Page 2 - Agreement between Stockbridge Indians and John Sergeant, Jr. to broker a land purchase in Indiana, December 12, 1819",091,Page,,,,,,,,,,,,,,,,,,,,,,,,,,,,90,2,yhm-spe-bro-doc-12-12-1819_s002,,hamLibSparc:12382053,,,,,,,/var/www/diglib/LibSpace/drop-box/Ready-for-Ingest/from-Metalogers/Brothertown/yhm-spe-bro-doc-12-12-1819_s002.tif,/var/www/diglib/LibSpace/drop-box/Ready-for-Ingest/from-Metalogers/Brothertown/yhm-spe-bro-doc-12-12-1819_s002.txt,,
b57f9834-0f47-4bd8-892c-d89e1c7e9b68,92,"Agreement between Stockbridge Indians and John Sergeant, Jr. to broker a land purchase in Indiana, December 12, 1819 [transcription]",092,Manuscript,Manuscripts,"Covenants, laws, and legal and land records",,,"Covenants, laws, and legal and land records",,,,"Aupaumut, Hendrick, 1757?-1830|@|Quinney, John W., 1797-1855|@|Hendrick, Solomon T.|@|Yoccum, Moses|@|Maumauntuthecon, Abram|@|Littleman, Jacob|@|Cheekthaucon, Jacob|@|Hendrick, Abner W., approximately 1796-1828|@|Quinney, Timothy|@|Hendrick, Solomon U. (Uhhaunowwaunmut), approximately 1796-1825",,,,,,,1819-12-12|@|1819-12-12|@|1819-12-12,1819-12-12,,English,1 image,Agreement dated December 1819 between John Sargent Junior and the Stockbridge Tribe of Indians,Oneida County (N.Y.)|@|Stockbridge (N.Y. : Town)|@|White River (Ind. : River),Stockbridge Indians|@|Brotherton Indians,"Sergeant, John, 1747-1824",Indian land transfers,,94608942-674a-496f-b98b-af5a9f480fc0,,,yhm-spe-bro-doc-12-12-1819-transcript,Hamilton College Archives|@|Oversize HAM COLL HE I63 S86,hamLibSparc:12381794,,,,,,,/var/www/diglib/LibSpace/drop-box/Ready-for-Ingest/from-Metalogers/Brothertown/yhm-spe-bro-doc-12-12-1819-transcript.tif,/var/www/diglib/LibSpace/drop-box/Ready-for-Ingest/from-Metalogers/Brothertown/yhm-spe-bro-doc-12-12-1819-transcript.txt,,
4d0f6706-10c4-44f3-b4e4-8ab1f52308b1,93,"Certificate of land ownership for Jacob Fowler signed by John Johnson, Samuel Scipio, and Eliphalet Marthers, January 4, 1820",093,Manuscript,Manuscripts,"Covenants, laws, and legal and land records",,,"Covenants, laws, and legal and land records",,,,"Fowler, Jacob, 1765-1850|@|Marthers, Eliphalet, 1783-1851|@|Johnson, John, 1774-1860|@|Scipio, Samuel",,,,,,,1820-01-04|@|1820-01-04|@|1820-01-04,1820-01-04,,English,2 images,,Oneida County (N.Y.)|@|Stockbridge (N.Y. : Town),New York (State). Superintendents of the Brothertown and Stockbridge Indians,"Fowler, Jacob, 1765-1850",Indian land transfers,,94608942-674a-496f-b98b-af5a9f480fc0,,,yhm-spe-bro-doc-01-04-1820,Hamilton College Archives|@|Oversize HAM COLL HE I63 S86,hamLibSparc:12380971,There are no restrictions on access to this resource.,https://rightsstatements.org/page/NKC/1.0/?language=en,"Hamilton College Library, Clinton, New York, United States",Hamilton College Library Digital Collections|@|Brothertown Indian Nation Records,2018-01-01T00:00:00Z|@|2018-01-01T00:00:00.000Z|@|2018,/var/www/diglib/LibSpace/drop-box/Ready-for-Ingest/from-Metalogers/Brothertown/yhm-spe-bro-doc-01-04-1820.pdf,,/var/www/diglib/LibSpace/drop-box/Ready-for-Ingest/from-Metalogers/Brothertown/yhm-spe-bro-doc-01-04-1820.txt,,
a0928e1c-edd8-41d3-8c68-1094608d9f4b,94,"Page 1 - Certificate of land ownership for Jacob Fowler signed by John Johnson, Samuel Scipio, and Eliphalet Marthers, January 4, 1820",094,Page,,,,,,,,,,,,,,,,,,,,,,,,,,,,94,1,yhm-spe-bro-doc-01-04-1820_s001,,hamLibSparc:12380972,,,,,,,/var/www/diglib/LibSpace/drop-box/Ready-for-Ingest/from-Metalogers/Brothertown/yhm-spe-bro-doc-01-04-1820_s001.tif,/var/www/diglib/LibSpace/drop-box/Ready-for-Ingest/from-Metalogers/Brothertown/yhm-spe-bro-doc-01-04-1820_s001.txt,,
7804aaef-3ab7-4fa4-aa96-8f0b3f0033cc,95,"Page 2 - Certificate of land ownership for Jacob Fowler signed by John Johnson, Samuel Scipio, and Eliphalet Marthers, January 4, 1820",095,Page,,,,,,,,,,,,,,,,,,,,,,,,,,,,94,2,yhm-spe-bro-doc-01-04-1820_s002,,hamLibSparc:12380973,,,,,,,/var/www/diglib/LibSpace/drop-box/Ready-for-Ingest/from-Metalogers/Brothertown/yhm-spe-bro-doc-01-04-1820_s002.tif,/var/www/diglib/LibSpace/drop-box/Ready-for-Ingest/from-Metalogers/Brothertown/yhm-spe-bro-doc-01-04-1820_s002.txt,,
80c4fca4-f812-4829-af5b-333aabbdb354,96,"Petition of the Chiefs and Warriors of the Stockbridge tribe of Indians, January 21, 1823",096,Manuscript,Manuscripts,"Covenants, laws, and legal and land records",,,"Covenants, laws, and legal and land records",,,,"Aupaumut, Hendrick, 1757?-1830|@|Quinney, John W., 1797-1855|@|Hendrick, Solomon U. (Uhhaunowwaunmut), approximately 1796-1825|@|Owwohthommauq, Sampson|@|Hendrick, Abner W., approximately 1796-1828|@|Aaron, Francis P.|@|Hendrick, Thomas T.|@|Tompson, William|@|Tompson, Jonas|@|Tompson, Garret|@|Pye, Paul|@|Quinney, Absalom N., -1840|@|Andrew, Josiah W.|@|Waumuhhey, Andrew",,,,,,,1823-01-21|@|1823-01-21|@|1823-01-21,1823-01-21,,English,2 images,,Oneida County (N.Y.)|@|Stockbridge (N.Y. : Town)|@|Stockbridge (Wis.),Stockbridge Indians|@|Brotherton Indians,"Sergeant, John, 1747-1824",Indian land transfers,,94608942-674a-496f-b98b-af5a9f480fc0,,,yhm-spe-bro-doc-01-21-1823,Hamilton College Archives|@|Oversize HAM COLL HE I63 S86,hamLibSparc:12381788,There are no restrictions on access to this resource.,https://rightsstatements.org/page/NKC/1.0/?language=en,"Hamilton College Library, Clinton, New York, United States",Hamilton College Library Digital Collections|@|Brothertown Indian Nation Records,2018-01-01T00:00:00Z|@|2018-01-01T00:00:00.000Z|@|2018,/var/www/diglib/LibSpace/drop-box/Ready-for-Ingest/from-Metalogers/Brothertown/yhm-spe-bro-doc-01-21-1823.pdf,,/var/www/diglib/LibSpace/drop-box/Ready-for-Ingest/from-Metalogers/Brothertown/yhm-spe-bro-doc-01-21-1823.txt,,
ca7d209b-7898-44f7-8860-19130ca455d0,97,"Page 1 - Petition of the Chiefs and Warriors of the Stockbridge tribe of Indians, January 21, 1823",097,Page,,,,,,,,,,,,,,,,,,,,,,,,,,,,97,1,yhm-spe-bro-doc-01-21-1823_s001,,hamLibSparc:12382038,,,,,,,/var/www/diglib/LibSpace/drop-box/Ready-for-Ingest/from-Metalogers/Brothertown/yhm-spe-bro-doc-01-21-1823_s001.tif,/var/www/diglib/LibSpace/drop-box/Ready-for-Ingest/from-Metalogers/Brothertown/yhm-spe-bro-doc-01-21-1823_s001.txt,,
2c6a98c9-b1ad-4e28-a1fe-196a650f0d8e,98,"Page 2 - Petition of the Chiefs and Warriors of the Stockbridge tribe of Indians, January 21, 1823",098,Page,,,,,,,,,,,,,,,,,,,,,,,,,,,,97,2,yhm-spe-bro-doc-01-21-1823_s002,,hamLibSparc:12382039,,,,,,,/var/www/diglib/LibSpace/drop-box/Ready-for-Ingest/from-Metalogers/Brothertown/yhm-spe-bro-doc-01-21-1823_s002.tif,/var/www/diglib/LibSpace/drop-box/Ready-for-Ingest/from-Metalogers/Brothertown/yhm-spe-bro-doc-01-21-1823_s002.txt,,
6ed95f40-dbb0-4420-8ed2-c0682d071154,99,"Petition of the Chiefs and Warriors of the Stockbridge tribe of Indians, January 21, 1823 [transcription]",099,Manuscript,Manuscripts,"Covenants, laws, and legal and land records",,,"Covenants, laws, and legal and land records",,,,"Aupaumut, Hendrick, 1757?-1830|@|Quinney, John W., 1797-1855|@|Hendrick, Solomon U. (Uhhaunowwaunmut), approximately 1796-1825|@|Owwohthommauq, Sampson|@|Hendrick, Abner W., approximately 1796-1828|@|Aaron, Francis P.|@|Hendrick, Thomas T.|@|Tompson, William|@|Tompson, Jonas|@|Tompson, Garret|@|Pye, Paul|@|Quinney, Absalom N., -1840|@|Andrew, Josiah W.|@|Waumuhhey, Andrew",,,,,,,1823-01-21|@|1823-01-21|@|1823-01-21,1823-01-21,,English,1 image,,Oneida County (N.Y.)|@|Stockbridge (N.Y. : Town)|@|Stockbridge (Wis.),Stockbridge Indians|@|Brotherton Indians,"Sergeant, John, 1747-1824",Indian land transfers,,94608942-674a-496f-b98b-af5a9f480fc0,,,yhm-spe-bro-doc-01-21-1823-transcript,Hamilton College Archives|@|Oversize HAM COLL HE I63 S86,hamLibSparc:12381792,,,,,,,/var/www/diglib/LibSpace/drop-box/Ready-for-Ingest/from-Metalogers/Brothertown/yhm-spe-bro-doc-01-21-1823-transcript.tif,/var/www/diglib/LibSpace/drop-box/Ready-for-Ingest/from-Metalogers/Brothertown/yhm-spe-bro-doc-01-21-1823-transcript.txt,,
470284b5-4b0e-4d14-8eea-e94b6148e790,100,"Copy of the New York State Assembly report denying a land transfer request from the Stockbridge Tribe of Indians to John Sergeant Jr., February 12, 1823",100,Manuscript,Manuscripts,Government records,,,Government records,,,,"Doolittle, Uri, 1762-1848",,,,,,,1823-02-12|@|1823-02-12|@|1823-02-12,1823-02-12,,English,10 images,,Oneida County (N.Y.)|@|Stockbridge (N.Y. : Town),Stockbridge Indians|@|Brotherton Indians,"Sergeant, John, 1747-1824",Indian land transfers,,94608942-674a-496f-b98b-af5a9f480fc0,,,yhm-spe-bro-doc-02-12-1823,Hamilton College Archives|@|Oversize HAM COLL HE I63 S86,hamLibSparc:12381789,There are no restrictions on access to this resource.,https://rightsstatements.org/page/NKC/1.0/?language=en,"Hamilton College Library, Clinton, New York, United States",Hamilton College Library Digital Collections|@|Brothertown Indian Nation Records,2018-01-01T00:00:00Z|@|2018-01-01T00:00:00.000Z|@|2018,/var/www/diglib/LibSpace/drop-box/Ready-for-Ingest/from-Metalogers/Brothertown/yhm-spe-bro-doc-02-12-1823.pdf,,/var/www/diglib/LibSpace/drop-box/Ready-for-Ingest/from-Metalogers/Brothertown/yhm-spe-bro-doc-02-12-1823.txt,,
49c12a83-f9b3-491a-b7fd-081421a8a92c,101,"Page 1 - Copy of the New York State Assembly report denying a land transfer request from the Stockbridge Tribe of Indians to John Sergeant Jr., February 12, 1823",101,Page,,,,,,,,,,,,,,,,,,,,,,,,,,,,101,1,yhm-spe-bro-doc-02-12-1823_s001,,hamLibSparc:12382040,,,,,,,/var/www/diglib/LibSpace/drop-box/Ready-for-Ingest/from-Metalogers/Brothertown/yhm-spe-bro-doc-02-12-1823_s001.tif,/var/www/diglib/LibSpace/drop-box/Ready-for-Ingest/from-Metalogers/Brothertown/yhm-spe-bro-doc-02-12-1823_s001.txt,,
a4ff7579-9f82-4935-b4a0-4bde0411c964,102,"Page 2 - Copy of the New York State Assembly report denying a land transfer request from the Stockbridge Tribe of Indians to John Sergeant Jr., February 12, 1823",102,Page,,,,,,,,,,,,,,,,,,,,,,,,,,,,101,2,yhm-spe-bro-doc-02-12-1823_s002,,hamLibSparc:12382041,,,,,,,/var/www/diglib/LibSpace/drop-box/Ready-for-Ingest/from-Metalogers/Brothertown/yhm-spe-bro-doc-02-12-1823_s002.tif,/var/www/diglib/LibSpace/drop-box/Ready-for-Ingest/from-Metalogers/Brothertown/yhm-spe-bro-doc-02-12-1823_s002.txt,,
b015bb22-62dc-417c-867a-e6ed3b9ae65c,103,"Page 3 - Copy of the New York State Assembly report denying a land transfer request from the Stockbridge Tribe of Indians to John Sergeant Jr., February 12, 1823",103,Page,,,,,,,,,,,,,,,,,,,,,,,,,,,,101,3,yhm-spe-bro-doc-02-12-1823_s003,,hamLibSparc:12382042,,,,,,,/var/www/diglib/LibSpace/drop-box/Ready-for-Ingest/from-Metalogers/Brothertown/yhm-spe-bro-doc-02-12-1823_s003.tif,/var/www/diglib/LibSpace/drop-box/Ready-for-Ingest/from-Metalogers/Brothertown/yhm-spe-bro-doc-02-12-1823_s003.txt,,
8b7659c7-f32d-44f0-ace4-9c5267a91f88,104,"Page 4 - Copy of the New York State Assembly report denying a land transfer request from the Stockbridge Tribe of Indians to John Sergeant Jr., February 12, 1823",104,Page,,,,,,,,,,,,,,,,,,,,,,,,,,,,101,4,yhm-spe-bro-doc-02-12-1823_s004,,hamLibSparc:12382043,,,,,,,/var/www/diglib/LibSpace/drop-box/Ready-for-Ingest/from-Metalogers/Brothertown/yhm-spe-bro-doc-02-12-1823_s004.tif,/var/www/diglib/LibSpace/drop-box/Ready-for-Ingest/from-Metalogers/Brothertown/yhm-spe-bro-doc-02-12-1823_s004.txt,,
7b278336-8411-4ebf-93d2-3d3abae1b4e6,105,"Page 5 - Copy of the New York State Assembly report denying a land transfer request from the Stockbridge Tribe of Indians to John Sergeant Jr., February 12, 1823",105,Page,,,,,,,,,,,,,,,,,,,,,,,,,,,,101,5,yhm-spe-bro-doc-02-12-1823_s005,,hamLibSparc:12382044,,,,,,,/var/www/diglib/LibSpace/drop-box/Ready-for-Ingest/from-Metalogers/Brothertown/yhm-spe-bro-doc-02-12-1823_s005.tif,/var/www/diglib/LibSpace/drop-box/Ready-for-Ingest/from-Metalogers/Brothertown/yhm-spe-bro-doc-02-12-1823_s005.txt,,
b6e6fab9-5df8-4e7a-a1e4-b9d1fbfa66e6,106,"Page 6 - Copy of the New York State Assembly report denying a land transfer request from the Stockbridge Tribe of Indians to John Sergeant Jr., February 12, 1823",106,Page,,,,,,,,,,,,,,,,,,,,,,,,,,,,101,6,yhm-spe-bro-doc-02-12-1823_s006,,hamLibSparc:12382045,,,,,,,/var/www/diglib/LibSpace/drop-box/Ready-for-Ingest/from-Metalogers/Brothertown/yhm-spe-bro-doc-02-12-1823_s006.tif,/var/www/diglib/LibSpace/drop-box/Ready-for-Ingest/from-Metalogers/Brothertown/yhm-spe-bro-doc-02-12-1823_s006.txt,,
71874aad-c752-42d9-abb7-9ff0d9c2f7f3,107,"Page 7 - Copy of the New York State Assembly report denying a land transfer request from the Stockbridge Tribe of Indians to John Sergeant Jr., February 12, 1823",107,Page,,,,,,,,,,,,,,,,,,,,,,,,,,,,101,7,yhm-spe-bro-doc-02-12-1823_s007,,hamLibSparc:12382046,,,,,,,/var/www/diglib/LibSpace/drop-box/Ready-for-Ingest/from-Metalogers/Brothertown/yhm-spe-bro-doc-02-12-1823_s007.tif,/var/www/diglib/LibSpace/drop-box/Ready-for-Ingest/from-Metalogers/Brothertown/yhm-spe-bro-doc-02-12-1823_s007.txt,,
1af63619-430d-4e20-9f85-2742285a424b,108,"Page 8 - Copy of the New York State Assembly report denying a land transfer request from the Stockbridge Tribe of Indians to John Sergeant Jr., February 12, 1823",108,Page,,,,,,,,,,,,,,,,,,,,,,,,,,,,101,8,yhm-spe-bro-doc-02-12-1823_s008,,hamLibSparc:12382047,,,,,,,/var/www/diglib/LibSpace/drop-box/Ready-for-Ingest/from-Metalogers/Brothertown/yhm-spe-bro-doc-02-12-1823_s008.tif,/var/www/diglib/LibSpace/drop-box/Ready-for-Ingest/from-Metalogers/Brothertown/yhm-spe-bro-doc-02-12-1823_s008.txt,,
a17708d9-25b5-4e8f-a84d-1f2b43144480,109,"Page 9 - Copy of the New York State Assembly report denying a land transfer request from the Stockbridge Tribe of Indians to John Sergeant Jr., February 12, 1823",109,Page,,,,,,,,,,,,,,,,,,,,,,,,,,,,101,9,yhm-spe-bro-doc-02-12-1823_s009,,hamLibSparc:12382048,,,,,,,/var/www/diglib/LibSpace/drop-box/Ready-for-Ingest/from-Metalogers/Brothertown/yhm-spe-bro-doc-02-12-1823_s009.tif,/var/www/diglib/LibSpace/drop-box/Ready-for-Ingest/from-Metalogers/Brothertown/yhm-spe-bro-doc-02-12-1823_s009.txt,,
19996897-f9e1-414d-9250-028af2d5a6fd,110,"Page 10 - Copy of the New York State Assembly report denying a land transfer request from the Stockbridge Tribe of Indians to John Sergeant Jr., February 12, 1823",110,Page,,,,,,,,,,,,,,,,,,,,,,,,,,,,101,10,yhm-spe-bro-doc-02-12-1823_s010,,hamLibSparc:12382049,,,,,,,/var/www/diglib/LibSpace/drop-box/Ready-for-Ingest/from-Metalogers/Brothertown/yhm-spe-bro-doc-02-12-1823_s010.tif,/var/www/diglib/LibSpace/drop-box/Ready-for-Ingest/from-Metalogers/Brothertown/yhm-spe-bro-doc-02-12-1823_s010.txt,,
532937d9-e19e-4193-8161-a26ef4afd6cc,111,"Copy of the New York State Assembly report denying a land transfer request from the Stockbridge Tribe of Indians to John Sergeant Jr., February 12, 1823 [transcription]",111,Manuscript,Manuscripts,Government records,,,Government records,,,,"Doolittle, Uri, 1762-1848",,,,,,,1823-02-12|@|1823-02-12|@|1823-02-12,1823-02-12,,English,1 image,,Oneida County (N.Y.)|@|Stockbridge (N.Y. : Town),Stockbridge Indians|@|Brotherton Indians,"Sergeant, John, 1747-1824",Indian land transfers,,94608942-674a-496f-b98b-af5a9f480fc0,,,yhm-spe-bro-doc-02-12-1823-transcript,Hamilton College Archives|@|Oversize HAM COLL HE I63 S86,hamLibSparc:12381793,,,,,,,/var/www/diglib/LibSpace/drop-box/Ready-for-Ingest/from-Metalogers/Brothertown/yhm-spe-bro-doc-02-12-1823-transcript.tif,/var/www/diglib/LibSpace/drop-box/Ready-for-Ingest/from-Metalogers/Brothertown/yhm-spe-bro-doc-02-12-1823-transcript.txt,,
126adf29-224a-429b-b900-7e6e85a5231d,112,"Decision by the Superintendents of the Brothertown Indians to parcel out land to inheritors, May 20, 1824",112,Manuscript,Manuscripts,"Covenants, laws, and legal and land records",,,"Covenants, laws, and legal and land records",,,,"Curtiss, Asahel, 1765-1852|@|Mygatt, Austin|@|Stebbins, Joseph|@|Hubbard, Samuel L.",,,,,,,1824-05-20|@|1824-05-20|@|1824-05-20,1824-05-20,,English,2 images,,Oneida County (N.Y.)|@|Stockbridge (N.Y. : Town),Stockbridge Indians|@|Brotherton Indians,"Pendleton, Nathan",Indian land transfers,,94608942-674a-496f-b98b-af5a9f480fc0,,,yhm-spe-bro-doc-05-20-1824,Hamilton College Archives|@|Oversize HAM COLL HE I63 S86,hamLibSparc:12381790,There are no restrictions on access to this resource.,https://rightsstatements.org/page/NKC/1.0/?language=en,"Hamilton College Library, Clinton, New York, United States",Hamilton College Library Digital Collections|@|Brothertown Indian Nation Records,2018-01-01T00:00:00Z|@|2018-01-01T00:00:00.000Z|@|2018,/var/www/diglib/LibSpace/drop-box/Ready-for-Ingest/from-Metalogers/Brothertown/yhm-spe-bro-doc-05-20-1824.pdf,,/var/www/diglib/LibSpace/drop-box/Ready-for-Ingest/from-Metalogers/Brothertown/yhm-spe-bro-doc-05-20-1824.txt,,
192fa5b9-9748-4a05-a222-2af434437da1,113,"Page 1 - Decision by the Superintendents of the Brothertown Indians to parcel out land to inheritors, May 20, 1824",113,Page,,,,,,,,,,,,,,,,,,,,,,,,,,,,113,1,yhm-spe-bro-doc-05-20-1824_s001,,hamLibSparc:12382050,,,,,,,/var/www/diglib/LibSpace/drop-box/Ready-for-Ingest/from-Metalogers/Brothertown/yhm-spe-bro-doc-05-20-1824_s001.tif,/var/www/diglib/LibSpace/drop-box/Ready-for-Ingest/from-Metalogers/Brothertown/yhm-spe-bro-doc-05-20-1824_s001.txt,,
401f277b-3abc-45ab-91c8-04a06f38a5c6,114,"Page 2 - Decision by the Superintendents of the Brothertown Indians to parcel out land to inheritors, May 20, 1824",114,Page,,,,,,,,,,,,,,,,,,,,,,,,,,,,113,2,yhm-spe-bro-doc-05-20-1824_s002,,hamLibSparc:12382051,,,,,,,/var/www/diglib/LibSpace/drop-box/Ready-for-Ingest/from-Metalogers/Brothertown/yhm-spe-bro-doc-05-20-1824_s002.tif,/var/www/diglib/LibSpace/drop-box/Ready-for-Ingest/from-Metalogers/Brothertown/yhm-spe-bro-doc-05-20-1824_s002.txt,,
eb5cce8a-a17f-42b4-96df-bb84080d3058,115,"Field book of the survey of the Indian lands in Brothertown, Oneida Co., New York, S. Curtiss, Superintendent of Brothertown, 1843",115,Manuscript,Manuscripts,"Covenants, laws, and legal and land records",,,"Covenants, laws, and legal and land records",,,,"Curtiss, Samuel",,,,,,,1827-03-27|@|1827-03-27|@|1827-03-27,1827-03-27|@|1843-XX-XX,,English,155 images,"Shows manuscript entry for each lot of Brothertown land sold by the Superintendant of Brothertown Indians in the 1820s and 1830s, with description of the lot, date sold, and buyer's name. Small manuscript field book from 1843 which contains information gathered during a survey of Indian lands in Brothertown, NY. Systematically records details of the property such as the owner, size and to whom and when it was sold. Accompanied by a photocopy of all pages.",Oneida County (N.Y.)|@|Stockbridge (N.Y. : Town)|@|Brothertown (N.Y.),Brotherton Indians,,Land tenure|@|Indians of North America|@|Indian land transfers|@|Surveys,Buttrick family|@|Hathaway family|@|Dean family|@|Sanger family|@|Lombard family|@|Clark family|@|Quackenbush family|@|Miller family|@|Fowler family|@|Pierce family|@|Scipio family|@|Hale family|@|Wells family|@|Pratt family|@|Denny family|@|Buckingham family|@|Dick family|@|Cutter family|@|Hewitt family|@|Burns family|@|King family|@|Hammer family|@|Parker family|@|Baldwin family|@|Peck family|@|Bacon family|@|Goodwin family|@|Comstock family|@|Towers family|@|Johnson family|@|Cleveland family,94608942-674a-496f-b98b-af5a9f480fc0,,,yhm-spe-bro-01-field,Hamilton College Archives|@|Oversize HAM COLL HE O34 1843,hamLibSparc:12381785,There are no restrictions on access to this resource.,https://rightsstatements.org/page/NKC/1.0/?language=en,"Hamilton College Library, Clinton, New York, United States",Hamilton College Library Digital Collections|@|Brothertown Indian Nation Records,2018-01-01T00:00:00Z|@|2018-01-01T00:00:00.000Z|@|2018,/var/www/diglib/LibSpace/drop-box/Ready-for-Ingest/from-Metalogers/Brothertown/yhm-spe-bro-01-field.pdf,,/var/www/diglib/LibSpace/drop-box/Ready-for-Ingest/from-Metalogers/Brothertown/yhm-spe-bro-01-field.txt,,
214119b9-f43d-46c5-81d1-edf2ac92516e,116,"Page 1 - Field book of the survey of the Indian lands in Brothertown, Oneida Co., New York, S. Curtiss, Superintendent of Brothertown, 1843",116,Page,,,,,,,,,,,,,,,,,,,,,,,,,,,,116,1,yhm-spe-bro-01-field_s001,,hamLibSparc:12381795,,,,,,,/var/www/diglib/LibSpace/drop-box/Ready-for-Ingest/from-Metalogers/Brothertown/yhm-spe-bro-01-field_s001.tif,/var/www/diglib/LibSpace/drop-box/Ready-for-Ingest/from-Metalogers/Brothertown/yhm-spe-bro-01-field_s001.txt,,
fb68dddf-e023-40f5-b6c1-1dc21beba23c,117,"Page 2 - Field book of the survey of the Indian lands in Brothertown, Oneida Co., New York, S. Curtiss, Superintendent of Brothertown, 1843",117,Page,,,,,,,,,,,,,,,,,,,,,,,,,,,,116,2,yhm-spe-bro-01-field_s002,,hamLibSparc:12381796,,,,,,,/var/www/diglib/LibSpace/drop-box/Ready-for-Ingest/from-Metalogers/Brothertown/yhm-spe-bro-01-field_s002.tif,/var/www/diglib/LibSpace/drop-box/Ready-for-Ingest/from-Metalogers/Brothertown/yhm-spe-bro-01-field_s002.txt,,
af4bb414-bfc7-4adb-b510-7ea0af02d56c,118,"Page 3 - Field book of the survey of the Indian lands in Brothertown, Oneida Co., New York, S. Curtiss, Superintendent of Brothertown, 1843",118,Page,,,,,,,,,,,,,,,,,,,,,,,,,,,,116,3,yhm-spe-bro-01-field_s003,,hamLibSparc:12381797,,,,,,,/var/www/diglib/LibSpace/drop-box/Ready-for-Ingest/from-Metalogers/Brothertown/yhm-spe-bro-01-field_s003.tif,/var/www/diglib/LibSpace/drop-box/Ready-for-Ingest/from-Metalogers/Brothertown/yhm-spe-bro-01-field_s003.txt,,
1935eb99-d202-4ea4-939a-ac02c0528f6f,119,"Page 4 - Field book of the survey of the Indian lands in Brothertown, Oneida Co., New York, S. Curtiss, Superintendent of Brothertown, 1843",119,Page,,,,,,,,,,,,,,,,,,,,,,,,,,,,116,4,yhm-spe-bro-01-field_s004,,hamLibSparc:12381798,,,,,,,/var/www/diglib/LibSpace/drop-box/Ready-for-Ingest/from-Metalogers/Brothertown/yhm-spe-bro-01-field_s004.tif,/var/www/diglib/LibSpace/drop-box/Ready-for-Ingest/from-Metalogers/Brothertown/yhm-spe-bro-01-field_s004.txt,,
694b128d-9078-4475-89f2-019a9f0fa72f,120,"Page 5 - Field book of the survey of the Indian lands in Brothertown, Oneida Co., New York, S. Curtiss, Superintendent of Brothertown, 1843",120,Page,,,,,,,,,,,,,,,,,,,,,,,,,,,,116,5,yhm-spe-bro-01-field_s005,,hamLibSparc:12381799,,,,,,,/var/www/diglib/LibSpace/drop-box/Ready-for-Ingest/from-Metalogers/Brothertown/yhm-spe-bro-01-field_s005.tif,/var/www/diglib/LibSpace/drop-box/Ready-for-Ingest/from-Metalogers/Brothertown/yhm-spe-bro-01-field_s005.txt,,
5c31de71-9bba-4341-b6bb-94b765eb90a1,121,"Page 6 - Field book of the survey of the Indian lands in Brothertown, Oneida Co., New York, S. Curtiss, Superintendent of Brothertown, 1843",121,Page,,,,,,,,,,,,,,,,,,,,,,,,,,,,116,6,yhm-spe-bro-01-field_s006,,hamLibSparc:12381800,,,,,,,/var/www/diglib/LibSpace/drop-box/Ready-for-Ingest/from-Metalogers/Brothertown/yhm-spe-bro-01-field_s006.tif,/var/www/diglib/LibSpace/drop-box/Ready-for-Ingest/from-Metalogers/Brothertown/yhm-spe-bro-01-field_s006.txt,,
eb7bfef1-c686-4232-8dd9-1c71c521117c,122,"Page 7 - Field book of the survey of the Indian lands in Brothertown, Oneida Co., New York, S. Curtiss, Superintendent of Brothertown, 1843",122,Page,,,,,,,,,,,,,,,,,,,,,,,,,,,,116,7,yhm-spe-bro-01-field_s007,,hamLibSparc:12381801,,,,,,,/var/www/diglib/LibSpace/drop-box/Ready-for-Ingest/from-Metalogers/Brothertown/yhm-spe-bro-01-field_s007.tif,/var/www/diglib/LibSpace/drop-box/Ready-for-Ingest/from-Metalogers/Brothertown/yhm-spe-bro-01-field_s007.txt,,
fc594aaf-6d76-4b04-8cfb-e630833a361a,123,"Page 8 - Field book of the survey of the Indian lands in Brothertown, Oneida Co., New York, S. Curtiss, Superintendent of Brothertown, 1843",123,Page,,,,,,,,,,,,,,,,,,,,,,,,,,,,116,8,yhm-spe-bro-01-field_s008,,hamLibSparc:12381802,,,,,,,/var/www/diglib/LibSpace/drop-box/Ready-for-Ingest/from-Metalogers/Brothertown/yhm-spe-bro-01-field_s008.tif,/var/www/diglib/LibSpace/drop-box/Ready-for-Ingest/from-Metalogers/Brothertown/yhm-spe-bro-01-field_s008.txt,,
3fd17eeb-fc3b-41f5-9f18-8c7b4e47dd07,124,"Page 9 - Field book of the survey of the Indian lands in Brothertown, Oneida Co., New York, S. Curtiss, Superintendent of Brothertown, 1843",124,Page,,,,,,,,,,,,,,,,,,,,,,,,,,,,116,9,yhm-spe-bro-01-field_s009,,hamLibSparc:12381803,,,,,,,/var/www/diglib/LibSpace/drop-box/Ready-for-Ingest/from-Metalogers/Brothertown/yhm-spe-bro-01-field_s009.tif,/var/www/diglib/LibSpace/drop-box/Ready-for-Ingest/from-Metalogers/Brothertown/yhm-spe-bro-01-field_s009.txt,,
2106f052-ce98-4b6f-8e74-7cf1ec3be7c3,125,"Page 10 - Field book of the survey of the Indian lands in Brothertown, Oneida Co., New York, S. Curtiss, Superintendent of Brothertown, 1843",125,Page,,,,,,,,,,,,,,,,,,,,,,,,,,,,116,10,yhm-spe-bro-01-field_s010,,hamLibSparc:12381804,,,,,,,/var/www/diglib/LibSpace/drop-box/Ready-for-Ingest/from-Metalogers/Brothertown/yhm-spe-bro-01-field_s010.tif,/var/www/diglib/LibSpace/drop-box/Ready-for-Ingest/from-Metalogers/Brothertown/yhm-spe-bro-01-field_s010.txt,,
5e428b24-1a42-4e8d-aa77-203740067dda,126,"Page 11 - Field book of the survey of the Indian lands in Brothertown, Oneida Co., New York, S. Curtiss, Superintendent of Brothertown, 1843",126,Page,,,,,,,,,,,,,,,,,,,,,,,,,,,,116,11,yhm-spe-bro-01-field_s011,,hamLibSparc:12381805,,,,,,,/var/www/diglib/LibSpace/drop-box/Ready-for-Ingest/from-Metalogers/Brothertown/yhm-spe-bro-01-field_s011.tif,/var/www/diglib/LibSpace/drop-box/Ready-for-Ingest/from-Metalogers/Brothertown/yhm-spe-bro-01-field_s011.txt,,
44f3e53e-37cb-4eb1-b786-28b4d301eb4d,127,"Page 12 - Field book of the survey of the Indian lands in Brothertown, Oneida Co., New York, S. Curtiss, Superintendent of Brothertown, 1843",127,Page,,,,,,,,,,,,,,,,,,,,,,,,,,,,116,12,yhm-spe-bro-01-field_s012,,hamLibSparc:12381806,,,,,,,/var/www/diglib/LibSpace/drop-box/Ready-for-Ingest/from-Metalogers/Brothertown/yhm-spe-bro-01-field_s012.tif,/var/www/diglib/LibSpace/drop-box/Ready-for-Ingest/from-Metalogers/Brothertown/yhm-spe-bro-01-field_s012.txt,,
72bcbb5d-dbe4-4e23-ba8c-0f8533390680,128,"Page 13 - Field book of the survey of the Indian lands in Brothertown, Oneida Co., New York, S. Curtiss, Superintendent of Brothertown, 1843",128,Page,,,,,,,,,,,,,,,,,,,,,,,,,,,,116,13,yhm-spe-bro-01-field_s013,,hamLibSparc:12381807,,,,,,,/var/www/diglib/LibSpace/drop-box/Ready-for-Ingest/from-Metalogers/Brothertown/yhm-spe-bro-01-field_s013.tif,/var/www/diglib/LibSpace/drop-box/Ready-for-Ingest/from-Metalogers/Brothertown/yhm-spe-bro-01-field_s013.txt,,
fcbf47c6-0e72-4b41-9292-96bff912aec2,129,"Page 14 - Field book of the survey of the Indian lands in Brothertown, Oneida Co., New York, S. Curtiss, Superintendent of Brothertown, 1843",129,Page,,,,,,,,,,,,,,,,,,,,,,,,,,,,116,14,yhm-spe-bro-01-field_s014,,hamLibSparc:12381808,,,,,,,/var/www/diglib/LibSpace/drop-box/Ready-for-Ingest/from-Metalogers/Brothertown/yhm-spe-bro-01-field_s014.tif,/var/www/diglib/LibSpace/drop-box/Ready-for-Ingest/from-Metalogers/Brothertown/yhm-spe-bro-01-field_s014.txt,,
956545c5-012e-40fe-927c-8a71a89f4bb9,130,"Page 15 - Field book of the survey of the Indian lands in Brothertown, Oneida Co., New York, S. Curtiss, Superintendent of Brothertown, 1843",130,Page,,,,,,,,,,,,,,,,,,,,,,,,,,,,116,15,yhm-spe-bro-01-field_s015,,hamLibSparc:12381809,,,,,,,/var/www/diglib/LibSpace/drop-box/Ready-for-Ingest/from-Metalogers/Brothertown/yhm-spe-bro-01-field_s015.tif,/var/www/diglib/LibSpace/drop-box/Ready-for-Ingest/from-Metalogers/Brothertown/yhm-spe-bro-01-field_s015.txt,,
a9368b5e-4222-4fd2-91eb-3957fb2876dc,131,"Page 16 - Field book of the survey of the Indian lands in Brothertown, Oneida Co., New York, S. Curtiss, Superintendent of Brothertown, 1843",131,Page,,,,,,,,,,,,,,,,,,,,,,,,,,,,116,16,yhm-spe-bro-01-field_s016,,hamLibSparc:12381810,,,,,,,/var/www/diglib/LibSpace/drop-box/Ready-for-Ingest/from-Metalogers/Brothertown/yhm-spe-bro-01-field_s016.tif,/var/www/diglib/LibSpace/drop-box/Ready-for-Ingest/from-Metalogers/Brothertown/yhm-spe-bro-01-field_s016.txt,,
c9f2a887-b6c1-4987-81ef-0306b931244f,132,"Page 17 - Field book of the survey of the Indian lands in Brothertown, Oneida Co., New York, S. Curtiss, Superintendent of Brothertown, 1843",132,Page,,,,,,,,,,,,,,,,,,,,,,,,,,,,116,17,yhm-spe-bro-01-field_s017,,hamLibSparc:12381811,,,,,,,/var/www/diglib/LibSpace/drop-box/Ready-for-Ingest/from-Metalogers/Brothertown/yhm-spe-bro-01-field_s017.tif,/var/www/diglib/LibSpace/drop-box/Ready-for-Ingest/from-Metalogers/Brothertown/yhm-spe-bro-01-field_s017.txt,,
7f3ce979-e0f6-4be0-8e40-14ea391c2f45,133,"Page 18 - Field book of the survey of the Indian lands in Brothertown, Oneida Co., New York, S. Curtiss, Superintendent of Brothertown, 1843",133,Page,,,,,,,,,,,,,,,,,,,,,,,,,,,,116,18,yhm-spe-bro-01-field_s018,,hamLibSparc:12381812,,,,,,,/var/www/diglib/LibSpace/drop-box/Ready-for-Ingest/from-Metalogers/Brothertown/yhm-spe-bro-01-field_s018.tif,/var/www/diglib/LibSpace/drop-box/Ready-for-Ingest/from-Metalogers/Brothertown/yhm-spe-bro-01-field_s018.txt,,
c3c5edbb-5c1c-41d0-8bb4-c4aae1cb8328,134,"Page 19 - Field book of the survey of the Indian lands in Brothertown, Oneida Co., New York, S. Curtiss, Superintendent of Brothertown, 1843",134,Page,,,,,,,,,,,,,,,,,,,,,,,,,,,,116,19,yhm-spe-bro-01-field_s019,,hamLibSparc:12381813,,,,,,,/var/www/diglib/LibSpace/drop-box/Ready-for-Ingest/from-Metalogers/Brothertown/yhm-spe-bro-01-field_s019.tif,/var/www/diglib/LibSpace/drop-box/Ready-for-Ingest/from-Metalogers/Brothertown/yhm-spe-bro-01-field_s019.txt,,
73ebda44-d5a5-45f6-8a18-255e011cbe0c,135,"Page 20 - Field book of the survey of the Indian lands in Brothertown, Oneida Co., New York, S. Curtiss, Superintendent of Brothertown, 1843",135,Page,,,,,,,,,,,,,,,,,,,,,,,,,,,,116,20,yhm-spe-bro-01-field_s020,,hamLibSparc:12381814,,,,,,,/var/www/diglib/LibSpace/drop-box/Ready-for-Ingest/from-Metalogers/Brothertown/yhm-spe-bro-01-field_s020.tif,/var/www/diglib/LibSpace/drop-box/Ready-for-Ingest/from-Metalogers/Brothertown/yhm-spe-bro-01-field_s020.txt,,
c91a58cb-643f-4c21-9c3f-74dd3f27b0f3,136,"Page 21 - Field book of the survey of the Indian lands in Brothertown, Oneida Co., New York, S. Curtiss, Superintendent of Brothertown, 1843",136,Page,,,,,,,,,,,,,,,,,,,,,,,,,,,,116,21,yhm-spe-bro-01-field_s021,,hamLibSparc:12381815,,,,,,,/var/www/diglib/LibSpace/drop-box/Ready-for-Ingest/from-Metalogers/Brothertown/yhm-spe-bro-01-field_s021.tif,/var/www/diglib/LibSpace/drop-box/Ready-for-Ingest/from-Metalogers/Brothertown/yhm-spe-bro-01-field_s021.txt,,
c7aab3ad-d6d0-44ad-acd8-fac158d56218,137,"Page 22 - Field book of the survey of the Indian lands in Brothertown, Oneida Co., New York, S. Curtiss, Superintendent of Brothertown, 1843",137,Page,,,,,,,,,,,,,,,,,,,,,,,,,,,,116,22,yhm-spe-bro-01-field_s022,,hamLibSparc:12381816,,,,,,,/var/www/diglib/LibSpace/drop-box/Ready-for-Ingest/from-Metalogers/Brothertown/yhm-spe-bro-01-field_s022.tif,/var/www/diglib/LibSpace/drop-box/Ready-for-Ingest/from-Metalogers/Brothertown/yhm-spe-bro-01-field_s022.txt,,
fc64e5e8-4544-434f-9b25-ed503e216575,138,"Page 23 - Field book of the survey of the Indian lands in Brothertown, Oneida Co., New York, S. Curtiss, Superintendent of Brothertown, 1843",138,Page,,,,,,,,,,,,,,,,,,,,,,,,,,,,116,23,yhm-spe-bro-01-field_s023,,hamLibSparc:12381817,,,,,,,/var/www/diglib/LibSpace/drop-box/Ready-for-Ingest/from-Metalogers/Brothertown/yhm-spe-bro-01-field_s023.tif,/var/www/diglib/LibSpace/drop-box/Ready-for-Ingest/from-Metalogers/Brothertown/yhm-spe-bro-01-field_s023.txt,,
5285d911-f0a4-430e-9066-cc527c0db17b,139,"Page 24 - Field book of the survey of the Indian lands in Brothertown, Oneida Co., New York, S. Curtiss, Superintendent of Brothertown, 1843",139,Page,,,,,,,,,,,,,,,,,,,,,,,,,,,,116,24,yhm-spe-bro-01-field_s024,,hamLibSparc:12381818,,,,,,,/var/www/diglib/LibSpace/drop-box/Ready-for-Ingest/from-Metalogers/Brothertown/yhm-spe-bro-01-field_s024.tif,/var/www/diglib/LibSpace/drop-box/Ready-for-Ingest/from-Metalogers/Brothertown/yhm-spe-bro-01-field_s024.txt,,
1948f0e7-63f0-49f8-a29e-a73bea21ace3,140,"Page 25 - Field book of the survey of the Indian lands in Brothertown, Oneida Co., New York, S. Curtiss, Superintendent of Brothertown, 1843",140,Page,,,,,,,,,,,,,,,,,,,,,,,,,,,,116,25,yhm-spe-bro-01-field_s025,,hamLibSparc:12381819,,,,,,,/var/www/diglib/LibSpace/drop-box/Ready-for-Ingest/from-Metalogers/Brothertown/yhm-spe-bro-01-field_s025.tif,/var/www/diglib/LibSpace/drop-box/Ready-for-Ingest/from-Metalogers/Brothertown/yhm-spe-bro-01-field_s025.txt,,
8f0a82b3-9878-47ac-aacd-86f03eaeb568,141,"Page 26 - Field book of the survey of the Indian lands in Brothertown, Oneida Co., New York, S. Curtiss, Superintendent of Brothertown, 1843",141,Page,,,,,,,,,,,,,,,,,,,,,,,,,,,,116,26,yhm-spe-bro-01-field_s026,,hamLibSparc:12381820,,,,,,,/var/www/diglib/LibSpace/drop-box/Ready-for-Ingest/from-Metalogers/Brothertown/yhm-spe-bro-01-field_s026.tif,/var/www/diglib/LibSpace/drop-box/Ready-for-Ingest/from-Metalogers/Brothertown/yhm-spe-bro-01-field_s026.txt,,
6c4359e5-cafa-472b-aa38-52eca039bce9,142,"Page 27 - Field book of the survey of the Indian lands in Brothertown, Oneida Co., New York, S. Curtiss, Superintendent of Brothertown, 1843",142,Page,,,,,,,,,,,,,,,,,,,,,,,,,,,,116,27,yhm-spe-bro-01-field_s027,,hamLibSparc:12381821,,,,,,,/var/www/diglib/LibSpace/drop-box/Ready-for-Ingest/from-Metalogers/Brothertown/yhm-spe-bro-01-field_s027.tif,/var/www/diglib/LibSpace/drop-box/Ready-for-Ingest/from-Metalogers/Brothertown/yhm-spe-bro-01-field_s027.txt,,
bdc8180d-2ad1-4dbd-abe6-6992c2d1eded,143,"Page 28 - Field book of the survey of the Indian lands in Brothertown, Oneida Co., New York, S. Curtiss, Superintendent of Brothertown, 1843",143,Page,,,,,,,,,,,,,,,,,,,,,,,,,,,,116,28,yhm-spe-bro-01-field_s028,,hamLibSparc:12381822,,,,,,,/var/www/diglib/LibSpace/drop-box/Ready-for-Ingest/from-Metalogers/Brothertown/yhm-spe-bro-01-field_s028.tif,/var/www/diglib/LibSpace/drop-box/Ready-for-Ingest/from-Metalogers/Brothertown/yhm-spe-bro-01-field_s028.txt,,
3d0f3cad-ee60-493d-a385-61964422ea98,144,"Page 29 - Field book of the survey of the Indian lands in Brothertown, Oneida Co., New York, S. Curtiss, Superintendent of Brothertown, 1843",144,Page,,,,,,,,,,,,,,,,,,,,,,,,,,,,116,29,yhm-spe-bro-01-field_s029,,hamLibSparc:12381823,,,,,,,/var/www/diglib/LibSpace/drop-box/Ready-for-Ingest/from-Metalogers/Brothertown/yhm-spe-bro-01-field_s029.tif,/var/www/diglib/LibSpace/drop-box/Ready-for-Ingest/from-Metalogers/Brothertown/yhm-spe-bro-01-field_s029.txt,,
96b4fd6c-6dc9-4e1d-a059-cdb947739ccd,145,"Page 30 - Field book of the survey of the Indian lands in Brothertown, Oneida Co., New York, S. Curtiss, Superintendent of Brothertown, 1843",145,Page,,,,,,,,,,,,,,,,,,,,,,,,,,,,116,30,yhm-spe-bro-01-field_s030,,hamLibSparc:12381824,,,,,,,/var/www/diglib/LibSpace/drop-box/Ready-for-Ingest/from-Metalogers/Brothertown/yhm-spe-bro-01-field_s030.tif,/var/www/diglib/LibSpace/drop-box/Ready-for-Ingest/from-Metalogers/Brothertown/yhm-spe-bro-01-field_s030.txt,,
6719523f-e1ba-403a-b636-770af78ec7ea,146,"Page 31 - Field book of the survey of the Indian lands in Brothertown, Oneida Co., New York, S. Curtiss, Superintendent of Brothertown, 1843",146,Page,,,,,,,,,,,,,,,,,,,,,,,,,,,,116,31,yhm-spe-bro-01-field_s031,,hamLibSparc:12381825,,,,,,,/var/www/diglib/LibSpace/drop-box/Ready-for-Ingest/from-Metalogers/Brothertown/yhm-spe-bro-01-field_s031.tif,/var/www/diglib/LibSpace/drop-box/Ready-for-Ingest/from-Metalogers/Brothertown/yhm-spe-bro-01-field_s031.txt,,
3338a48e-3984-4bc2-b976-e32341a0f427,147,"Page 32 - Field book of the survey of the Indian lands in Brothertown, Oneida Co., New York, S. Curtiss, Superintendent of Brothertown, 1843",147,Page,,,,,,,,,,,,,,,,,,,,,,,,,,,,116,32,yhm-spe-bro-01-field_s032,,hamLibSparc:12381826,,,,,,,/var/www/diglib/LibSpace/drop-box/Ready-for-Ingest/from-Metalogers/Brothertown/yhm-spe-bro-01-field_s032.tif,/var/www/diglib/LibSpace/drop-box/Ready-for-Ingest/from-Metalogers/Brothertown/yhm-spe-bro-01-field_s032.txt,,
cbfea274-443a-4c4b-859c-a5e6e9145b1f,148,"Page 33 - Field book of the survey of the Indian lands in Brothertown, Oneida Co., New York, S. Curtiss, Superintendent of Brothertown, 1843",148,Page,,,,,,,,,,,,,,,,,,,,,,,,,,,,116,33,yhm-spe-bro-01-field_s033,,hamLibSparc:12381827,,,,,,,/var/www/diglib/LibSpace/drop-box/Ready-for-Ingest/from-Metalogers/Brothertown/yhm-spe-bro-01-field_s033.tif,/var/www/diglib/LibSpace/drop-box/Ready-for-Ingest/from-Metalogers/Brothertown/yhm-spe-bro-01-field_s033.txt,,
e1db4dc6-67a6-42a7-8c24-60539be25ce6,149,"Page 34 - Field book of the survey of the Indian lands in Brothertown, Oneida Co., New York, S. Curtiss, Superintendent of Brothertown, 1843",149,Page,,,,,,,,,,,,,,,,,,,,,,,,,,,,116,34,yhm-spe-bro-01-field_s034,,hamLibSparc:12381828,,,,,,,/var/www/diglib/LibSpace/drop-box/Ready-for-Ingest/from-Metalogers/Brothertown/yhm-spe-bro-01-field_s034.tif,/var/www/diglib/LibSpace/drop-box/Ready-for-Ingest/from-Metalogers/Brothertown/yhm-spe-bro-01-field_s034.txt,,
d31aed4b-2daa-4474-abe9-e003faf5844d,150,"Page 35 - Field book of the survey of the Indian lands in Brothertown, Oneida Co., New York, S. Curtiss, Superintendent of Brothertown, 1843",150,Page,,,,,,,,,,,,,,,,,,,,,,,,,,,,116,35,yhm-spe-bro-01-field_s035,,hamLibSparc:12381829,,,,,,,/var/www/diglib/LibSpace/drop-box/Ready-for-Ingest/from-Metalogers/Brothertown/yhm-spe-bro-01-field_s035.tif,/var/www/diglib/LibSpace/drop-box/Ready-for-Ingest/from-Metalogers/Brothertown/yhm-spe-bro-01-field_s035.txt,,
f8356a79-08a4-4c33-bbec-83055020767c,151,"Page 36 - Field book of the survey of the Indian lands in Brothertown, Oneida Co., New York, S. Curtiss, Superintendent of Brothertown, 1843",151,Page,,,,,,,,,,,,,,,,,,,,,,,,,,,,116,36,yhm-spe-bro-01-field_s036,,hamLibSparc:12381830,,,,,,,/var/www/diglib/LibSpace/drop-box/Ready-for-Ingest/from-Metalogers/Brothertown/yhm-spe-bro-01-field_s036.tif,/var/www/diglib/LibSpace/drop-box/Ready-for-Ingest/from-Metalogers/Brothertown/yhm-spe-bro-01-field_s036.txt,,
e856d0f6-5cf8-4332-aa73-48836d2e75f9,152,"Page 37 - Field book of the survey of the Indian lands in Brothertown, Oneida Co., New York, S. Curtiss, Superintendent of Brothertown, 1843",152,Page,,,,,,,,,,,,,,,,,,,,,,,,,,,,116,37,yhm-spe-bro-01-field_s037,,hamLibSparc:12381831,,,,,,,/var/www/diglib/LibSpace/drop-box/Ready-for-Ingest/from-Metalogers/Brothertown/yhm-spe-bro-01-field_s037.tif,/var/www/diglib/LibSpace/drop-box/Ready-for-Ingest/from-Metalogers/Brothertown/yhm-spe-bro-01-field_s037.txt,,
8f1886a5-d2d2-4f37-85cc-f83cc11ef13d,153,"Page 38 - Field book of the survey of the Indian lands in Brothertown, Oneida Co., New York, S. Curtiss, Superintendent of Brothertown, 1843",153,Page,,,,,,,,,,,,,,,,,,,,,,,,,,,,116,38,yhm-spe-bro-01-field_s038,,hamLibSparc:12381832,,,,,,,/var/www/diglib/LibSpace/drop-box/Ready-for-Ingest/from-Metalogers/Brothertown/yhm-spe-bro-01-field_s038.tif,/var/www/diglib/LibSpace/drop-box/Ready-for-Ingest/from-Metalogers/Brothertown/yhm-spe-bro-01-field_s038.txt,,
1caab77c-f5ea-48d8-a0b4-c4d31b84be84,154,"Page 39 - Field book of the survey of the Indian lands in Brothertown, Oneida Co., New York, S. Curtiss, Superintendent of Brothertown, 1843",154,Page,,,,,,,,,,,,,,,,,,,,,,,,,,,,116,39,yhm-spe-bro-01-field_s039,,hamLibSparc:12381833,,,,,,,/var/www/diglib/LibSpace/drop-box/Ready-for-Ingest/from-Metalogers/Brothertown/yhm-spe-bro-01-field_s039.tif,/var/www/diglib/LibSpace/drop-box/Ready-for-Ingest/from-Metalogers/Brothertown/yhm-spe-bro-01-field_s039.txt,,
7838ce37-2de6-4304-a144-879f971ee255,155,"Page 40 - Field book of the survey of the Indian lands in Brothertown, Oneida Co., New York, S. Curtiss, Superintendent of Brothertown, 1843",155,Page,,,,,,,,,,,,,,,,,,,,,,,,,,,,116,40,yhm-spe-bro-01-field_s040,,hamLibSparc:12381834,,,,,,,/var/www/diglib/LibSpace/drop-box/Ready-for-Ingest/from-Metalogers/Brothertown/yhm-spe-bro-01-field_s040.tif,/var/www/diglib/LibSpace/drop-box/Ready-for-Ingest/from-Metalogers/Brothertown/yhm-spe-bro-01-field_s040.txt,,
f330ea0f-53d7-4e94-8e1d-20aab881e9dc,156,"Page 41 - Field book of the survey of the Indian lands in Brothertown, Oneida Co., New York, S. Curtiss, Superintendent of Brothertown, 1843",156,Page,,,,,,,,,,,,,,,,,,,,,,,,,,,,116,41,yhm-spe-bro-01-field_s041,,hamLibSparc:12381835,,,,,,,/var/www/diglib/LibSpace/drop-box/Ready-for-Ingest/from-Metalogers/Brothertown/yhm-spe-bro-01-field_s041.tif,/var/www/diglib/LibSpace/drop-box/Ready-for-Ingest/from-Metalogers/Brothertown/yhm-spe-bro-01-field_s041.txt,,
c5b60dd9-a2de-428c-b3f0-3ec6d5a64f9b,157,"Page 42 - Field book of the survey of the Indian lands in Brothertown, Oneida Co., New York, S. Curtiss, Superintendent of Brothertown, 1843",157,Page,,,,,,,,,,,,,,,,,,,,,,,,,,,,116,42,yhm-spe-bro-01-field_s042,,hamLibSparc:12381836,,,,,,,/var/www/diglib/LibSpace/drop-box/Ready-for-Ingest/from-Metalogers/Brothertown/yhm-spe-bro-01-field_s042.tif,/var/www/diglib/LibSpace/drop-box/Ready-for-Ingest/from-Metalogers/Brothertown/yhm-spe-bro-01-field_s042.txt,,
f65680bb-2c85-4dac-8621-04cd3bdb108c,158,"Page 43 - Field book of the survey of the Indian lands in Brothertown, Oneida Co., New York, S. Curtiss, Superintendent of Brothertown, 1843",158,Page,,,,,,,,,,,,,,,,,,,,,,,,,,,,116,43,yhm-spe-bro-01-field_s043,,hamLibSparc:12381837,,,,,,,/var/www/diglib/LibSpace/drop-box/Ready-for-Ingest/from-Metalogers/Brothertown/yhm-spe-bro-01-field_s043.tif,/var/www/diglib/LibSpace/drop-box/Ready-for-Ingest/from-Metalogers/Brothertown/yhm-spe-bro-01-field_s043.txt,,
0cee9432-8862-4cea-874e-c256fc3a874f,159,"Page 44 - Field book of the survey of the Indian lands in Brothertown, Oneida Co., New York, S. Curtiss, Superintendent of Brothertown, 1843",159,Page,,,,,,,,,,,,,,,,,,,,,,,,,,,,116,44,yhm-spe-bro-01-field_s044,,hamLibSparc:12381838,,,,,,,/var/www/diglib/LibSpace/drop-box/Ready-for-Ingest/from-Metalogers/Brothertown/yhm-spe-bro-01-field_s044.tif,/var/www/diglib/LibSpace/drop-box/Ready-for-Ingest/from-Metalogers/Brothertown/yhm-spe-bro-01-field_s044.txt,,
d1f74988-8b84-4093-a33c-b0fcb8c4400c,160,"Page 45 - Field book of the survey of the Indian lands in Brothertown, Oneida Co., New York, S. Curtiss, Superintendent of Brothertown, 1843",160,Page,,,,,,,,,,,,,,,,,,,,,,,,,,,,116,45,yhm-spe-bro-01-field_s045,,hamLibSparc:12381839,,,,,,,/var/www/diglib/LibSpace/drop-box/Ready-for-Ingest/from-Metalogers/Brothertown/yhm-spe-bro-01-field_s045.tif,/var/www/diglib/LibSpace/drop-box/Ready-for-Ingest/from-Metalogers/Brothertown/yhm-spe-bro-01-field_s045.txt,,
374bf749-729d-448b-bd44-2c2d33c05813,161,"Page 46 - Field book of the survey of the Indian lands in Brothertown, Oneida Co., New York, S. Curtiss, Superintendent of Brothertown, 1843",161,Page,,,,,,,,,,,,,,,,,,,,,,,,,,,,116,46,yhm-spe-bro-01-field_s046,,hamLibSparc:12381840,,,,,,,/var/www/diglib/LibSpace/drop-box/Ready-for-Ingest/from-Metalogers/Brothertown/yhm-spe-bro-01-field_s046.tif,/var/www/diglib/LibSpace/drop-box/Ready-for-Ingest/from-Metalogers/Brothertown/yhm-spe-bro-01-field_s046.txt,,
1768ba9e-03c8-4368-aae3-2f4793ac69ae,162,"Page 47 - Field book of the survey of the Indian lands in Brothertown, Oneida Co., New York, S. Curtiss, Superintendent of Brothertown, 1843",162,Page,,,,,,,,,,,,,,,,,,,,,,,,,,,,116,47,yhm-spe-bro-01-field_s047,,hamLibSparc:12381841,,,,,,,/var/www/diglib/LibSpace/drop-box/Ready-for-Ingest/from-Metalogers/Brothertown/yhm-spe-bro-01-field_s047.tif,/var/www/diglib/LibSpace/drop-box/Ready-for-Ingest/from-Metalogers/Brothertown/yhm-spe-bro-01-field_s047.txt,,
c72e4f47-fe80-44f1-99aa-28d35ecdf7e6,163,"Page 48 - Field book of the survey of the Indian lands in Brothertown, Oneida Co., New York, S. Curtiss, Superintendent of Brothertown, 1843",163,Page,,,,,,,,,,,,,,,,,,,,,,,,,,,,116,48,yhm-spe-bro-01-field_s048,,hamLibSparc:12381842,,,,,,,/var/www/diglib/LibSpace/drop-box/Ready-for-Ingest/from-Metalogers/Brothertown/yhm-spe-bro-01-field_s048.tif,/var/www/diglib/LibSpace/drop-box/Ready-for-Ingest/from-Metalogers/Brothertown/yhm-spe-bro-01-field_s048.txt,,
32291f37-fc72-4c2c-8f86-3e621a35aed9,164,"Page 49 - Field book of the survey of the Indian lands in Brothertown, Oneida Co., New York, S. Curtiss, Superintendent of Brothertown, 1843",164,Page,,,,,,,,,,,,,,,,,,,,,,,,,,,,116,49,yhm-spe-bro-01-field_s049,,hamLibSparc:12381843,,,,,,,/var/www/diglib/LibSpace/drop-box/Ready-for-Ingest/from-Metalogers/Brothertown/yhm-spe-bro-01-field_s049.tif,/var/www/diglib/LibSpace/drop-box/Ready-for-Ingest/from-Metalogers/Brothertown/yhm-spe-bro-01-field_s049.txt,,
756484e6-d67b-4629-91c9-350f525b78d0,165,"Page 50 - Field book of the survey of the Indian lands in Brothertown, Oneida Co., New York, S. Curtiss, Superintendent of Brothertown, 1843",165,Page,,,,,,,,,,,,,,,,,,,,,,,,,,,,116,50,yhm-spe-bro-01-field_s050,,hamLibSparc:12381844,,,,,,,/var/www/diglib/LibSpace/drop-box/Ready-for-Ingest/from-Metalogers/Brothertown/yhm-spe-bro-01-field_s050.tif,/var/www/diglib/LibSpace/drop-box/Ready-for-Ingest/from-Metalogers/Brothertown/yhm-spe-bro-01-field_s050.txt,,
ce0a19ab-8f14-4bff-8b18-75fed7ef63b8,166,"Page 51 - Field book of the survey of the Indian lands in Brothertown, Oneida Co., New York, S. Curtiss, Superintendent of Brothertown, 1843",166,Page,,,,,,,,,,,,,,,,,,,,,,,,,,,,116,51,yhm-spe-bro-01-field_s051,,hamLibSparc:12381845,,,,,,,/var/www/diglib/LibSpace/drop-box/Ready-for-Ingest/from-Metalogers/Brothertown/yhm-spe-bro-01-field_s051.tif,/var/www/diglib/LibSpace/drop-box/Ready-for-Ingest/from-Metalogers/Brothertown/yhm-spe-bro-01-field_s051.txt,,
113465e7-c69c-46c9-b0b3-fc446bf919f3,167,"Page 52 - Field book of the survey of the Indian lands in Brothertown, Oneida Co., New York, S. Curtiss, Superintendent of Brothertown, 1843",167,Page,,,,,,,,,,,,,,,,,,,,,,,,,,,,116,52,yhm-spe-bro-01-field_s052,,hamLibSparc:12381846,,,,,,,/var/www/diglib/LibSpace/drop-box/Ready-for-Ingest/from-Metalogers/Brothertown/yhm-spe-bro-01-field_s052.tif,/var/www/diglib/LibSpace/drop-box/Ready-for-Ingest/from-Metalogers/Brothertown/yhm-spe-bro-01-field_s052.txt,,
15dfb85b-cea4-4216-bd7f-1b9aa89180a6,168,"Page 53 - Field book of the survey of the Indian lands in Brothertown, Oneida Co., New York, S. Curtiss, Superintendent of Brothertown, 1843",168,Page,,,,,,,,,,,,,,,,,,,,,,,,,,,,116,53,yhm-spe-bro-01-field_s053,,hamLibSparc:12381847,,,,,,,/var/www/diglib/LibSpace/drop-box/Ready-for-Ingest/from-Metalogers/Brothertown/yhm-spe-bro-01-field_s053.tif,/var/www/diglib/LibSpace/drop-box/Ready-for-Ingest/from-Metalogers/Brothertown/yhm-spe-bro-01-field_s053.txt,,
a6359983-f655-4328-875c-c3ce44022a73,169,"Page 54 - Field book of the survey of the Indian lands in Brothertown, Oneida Co., New York, S. Curtiss, Superintendent of Brothertown, 1843",169,Page,,,,,,,,,,,,,,,,,,,,,,,,,,,,116,54,yhm-spe-bro-01-field_s054,,hamLibSparc:12381848,,,,,,,/var/www/diglib/LibSpace/drop-box/Ready-for-Ingest/from-Metalogers/Brothertown/yhm-spe-bro-01-field_s054.tif,/var/www/diglib/LibSpace/drop-box/Ready-for-Ingest/from-Metalogers/Brothertown/yhm-spe-bro-01-field_s054.txt,,
50d0c325-e72b-4c7f-8bc2-4318749de251,170,"Page 55 - Field book of the survey of the Indian lands in Brothertown, Oneida Co., New York, S. Curtiss, Superintendent of Brothertown, 1843",170,Page,,,,,,,,,,,,,,,,,,,,,,,,,,,,116,55,yhm-spe-bro-01-field_s055,,hamLibSparc:12381849,,,,,,,/var/www/diglib/LibSpace/drop-box/Ready-for-Ingest/from-Metalogers/Brothertown/yhm-spe-bro-01-field_s055.tif,/var/www/diglib/LibSpace/drop-box/Ready-for-Ingest/from-Metalogers/Brothertown/yhm-spe-bro-01-field_s055.txt,,
ae335e48-ec0d-44e2-bdd9-c6d3c1b66121,171,"Page 56 - Field book of the survey of the Indian lands in Brothertown, Oneida Co., New York, S. Curtiss, Superintendent of Brothertown, 1843",171,Page,,,,,,,,,,,,,,,,,,,,,,,,,,,,116,56,yhm-spe-bro-01-field_s056,,hamLibSparc:12381850,,,,,,,/var/www/diglib/LibSpace/drop-box/Ready-for-Ingest/from-Metalogers/Brothertown/yhm-spe-bro-01-field_s056.tif,/var/www/diglib/LibSpace/drop-box/Ready-for-Ingest/from-Metalogers/Brothertown/yhm-spe-bro-01-field_s056.txt,,
8c695878-46b8-4149-b435-5c58f441afb0,172,"Page 57 - Field book of the survey of the Indian lands in Brothertown, Oneida Co., New York, S. Curtiss, Superintendent of Brothertown, 1843",172,Page,,,,,,,,,,,,,,,,,,,,,,,,,,,,116,57,yhm-spe-bro-01-field_s057,,hamLibSparc:12381851,,,,,,,/var/www/diglib/LibSpace/drop-box/Ready-for-Ingest/from-Metalogers/Brothertown/yhm-spe-bro-01-field_s057.tif,/var/www/diglib/LibSpace/drop-box/Ready-for-Ingest/from-Metalogers/Brothertown/yhm-spe-bro-01-field_s057.txt,,
d8879572-94dc-4101-9e48-4b3b0b660875,173,"Page 58 - Field book of the survey of the Indian lands in Brothertown, Oneida Co., New York, S. Curtiss, Superintendent of Brothertown, 1843",173,Page,,,,,,,,,,,,,,,,,,,,,,,,,,,,116,58,yhm-spe-bro-01-field_s058,,hamLibSparc:12381852,,,,,,,/var/www/diglib/LibSpace/drop-box/Ready-for-Ingest/from-Metalogers/Brothertown/yhm-spe-bro-01-field_s058.tif,/var/www/diglib/LibSpace/drop-box/Ready-for-Ingest/from-Metalogers/Brothertown/yhm-spe-bro-01-field_s058.txt,,
ce8d700d-c90f-41f8-9fa8-f32f9321afa4,174,"Page 59 - Field book of the survey of the Indian lands in Brothertown, Oneida Co., New York, S. Curtiss, Superintendent of Brothertown, 1843",174,Page,,,,,,,,,,,,,,,,,,,,,,,,,,,,116,59,yhm-spe-bro-01-field_s059,,hamLibSparc:12381853,,,,,,,/var/www/diglib/LibSpace/drop-box/Ready-for-Ingest/from-Metalogers/Brothertown/yhm-spe-bro-01-field_s059.tif,/var/www/diglib/LibSpace/drop-box/Ready-for-Ingest/from-Metalogers/Brothertown/yhm-spe-bro-01-field_s059.txt,,
62c4dcac-8d14-4d4e-8580-4aeb8bdf5c18,175,"Page 60 - Field book of the survey of the Indian lands in Brothertown, Oneida Co., New York, S. Curtiss, Superintendent of Brothertown, 1843",175,Page,,,,,,,,,,,,,,,,,,,,,,,,,,,,116,60,yhm-spe-bro-01-field_s060,,hamLibSparc:12381854,,,,,,,/var/www/diglib/LibSpace/drop-box/Ready-for-Ingest/from-Metalogers/Brothertown/yhm-spe-bro-01-field_s060.tif,/var/www/diglib/LibSpace/drop-box/Ready-for-Ingest/from-Metalogers/Brothertown/yhm-spe-bro-01-field_s060.txt,,
6269ad97-1831-4954-9a2a-ba465c86c4f6,176,"Page 61 - Field book of the survey of the Indian lands in Brothertown, Oneida Co., New York, S. Curtiss, Superintendent of Brothertown, 1843",176,Page,,,,,,,,,,,,,,,,,,,,,,,,,,,,116,61,yhm-spe-bro-01-field_s061,,hamLibSparc:12381855,,,,,,,/var/www/diglib/LibSpace/drop-box/Ready-for-Ingest/from-Metalogers/Brothertown/yhm-spe-bro-01-field_s061.tif,/var/www/diglib/LibSpace/drop-box/Ready-for-Ingest/from-Metalogers/Brothertown/yhm-spe-bro-01-field_s061.txt,,
0ac5d4b4-1554-4044-992a-9d48b4c9ded7,177,"Page 62 - Field book of the survey of the Indian lands in Brothertown, Oneida Co., New York, S. Curtiss, Superintendent of Brothertown, 1843",177,Page,,,,,,,,,,,,,,,,,,,,,,,,,,,,116,62,yhm-spe-bro-01-field_s062,,hamLibSparc:12381856,,,,,,,/var/www/diglib/LibSpace/drop-box/Ready-for-Ingest/from-Metalogers/Brothertown/yhm-spe-bro-01-field_s062.tif,/var/www/diglib/LibSpace/drop-box/Ready-for-Ingest/from-Metalogers/Brothertown/yhm-spe-bro-01-field_s062.txt,,
fa5f379a-668f-489c-994a-659b409ef98a,178,"Page 63 - Field book of the survey of the Indian lands in Brothertown, Oneida Co., New York, S. Curtiss, Superintendent of Brothertown, 1843",178,Page,,,,,,,,,,,,,,,,,,,,,,,,,,,,116,63,yhm-spe-bro-01-field_s063,,hamLibSparc:12381857,,,,,,,/var/www/diglib/LibSpace/drop-box/Ready-for-Ingest/from-Metalogers/Brothertown/yhm-spe-bro-01-field_s063.tif,/var/www/diglib/LibSpace/drop-box/Ready-for-Ingest/from-Metalogers/Brothertown/yhm-spe-bro-01-field_s063.txt,,
3853963c-f2d5-4871-b751-8b9ac173ce5f,179,"Page 64 - Field book of the survey of the Indian lands in Brothertown, Oneida Co., New York, S. Curtiss, Superintendent of Brothertown, 1843",179,Page,,,,,,,,,,,,,,,,,,,,,,,,,,,,116,64,yhm-spe-bro-01-field_s064,,hamLibSparc:12381858,,,,,,,/var/www/diglib/LibSpace/drop-box/Ready-for-Ingest/from-Metalogers/Brothertown/yhm-spe-bro-01-field_s064.tif,/var/www/diglib/LibSpace/drop-box/Ready-for-Ingest/from-Metalogers/Brothertown/yhm-spe-bro-01-field_s064.txt,,
963e6412-f94a-4371-a61d-5a05955db1ac,180,"Page 65 - Field book of the survey of the Indian lands in Brothertown, Oneida Co., New York, S. Curtiss, Superintendent of Brothertown, 1843",180,Page,,,,,,,,,,,,,,,,,,,,,,,,,,,,116,65,yhm-spe-bro-01-field_s065,,hamLibSparc:12381859,,,,,,,/var/www/diglib/LibSpace/drop-box/Ready-for-Ingest/from-Metalogers/Brothertown/yhm-spe-bro-01-field_s065.tif,/var/www/diglib/LibSpace/drop-box/Ready-for-Ingest/from-Metalogers/Brothertown/yhm-spe-bro-01-field_s065.txt,,
7b216dd3-65f1-49da-9bc4-31f973589fff,181,"Page 66 - Field book of the survey of the Indian lands in Brothertown, Oneida Co., New York, S. Curtiss, Superintendent of Brothertown, 1843",181,Page,,,,,,,,,,,,,,,,,,,,,,,,,,,,116,66,yhm-spe-bro-01-field_s066,,hamLibSparc:12381860,,,,,,,/var/www/diglib/LibSpace/drop-box/Ready-for-Ingest/from-Metalogers/Brothertown/yhm-spe-bro-01-field_s066.tif,/var/www/diglib/LibSpace/drop-box/Ready-for-Ingest/from-Metalogers/Brothertown/yhm-spe-bro-01-field_s066.txt,,
1653db27-dc98-4b66-bf76-f225984548f0,182,"Page 67 - Field book of the survey of the Indian lands in Brothertown, Oneida Co., New York, S. Curtiss, Superintendent of Brothertown, 1843",182,Page,,,,,,,,,,,,,,,,,,,,,,,,,,,,116,67,yhm-spe-bro-01-field_s067,,hamLibSparc:12381861,,,,,,,/var/www/diglib/LibSpace/drop-box/Ready-for-Ingest/from-Metalogers/Brothertown/yhm-spe-bro-01-field_s067.tif,/var/www/diglib/LibSpace/drop-box/Ready-for-Ingest/from-Metalogers/Brothertown/yhm-spe-bro-01-field_s067.txt,,
a0487d83-add6-404d-baf0-9b57a783f22f,183,"Page 68 - Field book of the survey of the Indian lands in Brothertown, Oneida Co., New York, S. Curtiss, Superintendent of Brothertown, 1843",183,Page,,,,,,,,,,,,,,,,,,,,,,,,,,,,116,68,yhm-spe-bro-01-field_s068,,hamLibSparc:12381862,,,,,,,/var/www/diglib/LibSpace/drop-box/Ready-for-Ingest/from-Metalogers/Brothertown/yhm-spe-bro-01-field_s068.tif,/var/www/diglib/LibSpace/drop-box/Ready-for-Ingest/from-Metalogers/Brothertown/yhm-spe-bro-01-field_s068.txt,,
12b3e265-0f7d-4b49-90ba-963b7aafb1f8,184,"Page 69 - Field book of the survey of the Indian lands in Brothertown, Oneida Co., New York, S. Curtiss, Superintendent of Brothertown, 1843",184,Page,,,,,,,,,,,,,,,,,,,,,,,,,,,,116,69,yhm-spe-bro-01-field_s069,,hamLibSparc:12381863,,,,,,,/var/www/diglib/LibSpace/drop-box/Ready-for-Ingest/from-Metalogers/Brothertown/yhm-spe-bro-01-field_s069.tif,/var/www/diglib/LibSpace/drop-box/Ready-for-Ingest/from-Metalogers/Brothertown/yhm-spe-bro-01-field_s069.txt,,
d24b382b-45cd-4530-beb2-dd364447f103,185,"Page 70 - Field book of the survey of the Indian lands in Brothertown, Oneida Co., New York, S. Curtiss, Superintendent of Brothertown, 1843",185,Page,,,,,,,,,,,,,,,,,,,,,,,,,,,,116,70,yhm-spe-bro-01-field_s070,,hamLibSparc:12381864,,,,,,,/var/www/diglib/LibSpace/drop-box/Ready-for-Ingest/from-Metalogers/Brothertown/yhm-spe-bro-01-field_s070.tif,/var/www/diglib/LibSpace/drop-box/Ready-for-Ingest/from-Metalogers/Brothertown/yhm-spe-bro-01-field_s070.txt,,
03dc0a9e-c9f9-458b-8522-9377eb385495,186,"Page 71 - Field book of the survey of the Indian lands in Brothertown, Oneida Co., New York, S. Curtiss, Superintendent of Brothertown, 1843",186,Page,,,,,,,,,,,,,,,,,,,,,,,,,,,,116,71,yhm-spe-bro-01-field_s071,,hamLibSparc:12381865,,,,,,,/var/www/diglib/LibSpace/drop-box/Ready-for-Ingest/from-Metalogers/Brothertown/yhm-spe-bro-01-field_s071.tif,/var/www/diglib/LibSpace/drop-box/Ready-for-Ingest/from-Metalogers/Brothertown/yhm-spe-bro-01-field_s071.txt,,
7cbd15a7-3424-4ddd-ab4e-52ee8bbcefd7,187,"Page 72 - Field book of the survey of the Indian lands in Brothertown, Oneida Co., New York, S. Curtiss, Superintendent of Brothertown, 1843",187,Page,,,,,,,,,,,,,,,,,,,,,,,,,,,,116,72,yhm-spe-bro-01-field_s072,,hamLibSparc:12381866,,,,,,,/var/www/diglib/LibSpace/drop-box/Ready-for-Ingest/from-Metalogers/Brothertown/yhm-spe-bro-01-field_s072.tif,/var/www/diglib/LibSpace/drop-box/Ready-for-Ingest/from-Metalogers/Brothertown/yhm-spe-bro-01-field_s072.txt,,
2c7b7901-c24c-4fc1-8670-9cae582ab3c6,188,"Page 73 - Field book of the survey of the Indian lands in Brothertown, Oneida Co., New York, S. Curtiss, Superintendent of Brothertown, 1843",188,Page,,,,,,,,,,,,,,,,,,,,,,,,,,,,116,73,yhm-spe-bro-01-field_s073,,hamLibSparc:12381867,,,,,,,/var/www/diglib/LibSpace/drop-box/Ready-for-Ingest/from-Metalogers/Brothertown/yhm-spe-bro-01-field_s073.tif,/var/www/diglib/LibSpace/drop-box/Ready-for-Ingest/from-Metalogers/Brothertown/yhm-spe-bro-01-field_s073.txt,,
99f27429-1a5d-41ae-8e89-a5c24589add4,189,"Page 74 - Field book of the survey of the Indian lands in Brothertown, Oneida Co., New York, S. Curtiss, Superintendent of Brothertown, 1843",189,Page,,,,,,,,,,,,,,,,,,,,,,,,,,,,116,74,yhm-spe-bro-01-field_s074,,hamLibSparc:12381868,,,,,,,/var/www/diglib/LibSpace/drop-box/Ready-for-Ingest/from-Metalogers/Brothertown/yhm-spe-bro-01-field_s074.tif,/var/www/diglib/LibSpace/drop-box/Ready-for-Ingest/from-Metalogers/Brothertown/yhm-spe-bro-01-field_s074.txt,,
1a98f6c0-8298-46a2-b891-29c58795b256,190,"Page 75 - Field book of the survey of the Indian lands in Brothertown, Oneida Co., New York, S. Curtiss, Superintendent of Brothertown, 1843",190,Page,,,,,,,,,,,,,,,,,,,,,,,,,,,,116,75,yhm-spe-bro-01-field_s075,,hamLibSparc:12381869,,,,,,,/var/www/diglib/LibSpace/drop-box/Ready-for-Ingest/from-Metalogers/Brothertown/yhm-spe-bro-01-field_s075.tif,/var/www/diglib/LibSpace/drop-box/Ready-for-Ingest/from-Metalogers/Brothertown/yhm-spe-bro-01-field_s075.txt,,
3572ffe2-4231-4b35-9102-51f351e61c73,191,"Page 76 - Field book of the survey of the Indian lands in Brothertown, Oneida Co., New York, S. Curtiss, Superintendent of Brothertown, 1843",191,Page,,,,,,,,,,,,,,,,,,,,,,,,,,,,116,76,yhm-spe-bro-01-field_s076,,hamLibSparc:12381870,,,,,,,/var/www/diglib/LibSpace/drop-box/Ready-for-Ingest/from-Metalogers/Brothertown/yhm-spe-bro-01-field_s076.tif,/var/www/diglib/LibSpace/drop-box/Ready-for-Ingest/from-Metalogers/Brothertown/yhm-spe-bro-01-field_s076.txt,,
96723f43-162a-48ec-bd93-9d4d6791fbd2,192,"Page 77 - Field book of the survey of the Indian lands in Brothertown, Oneida Co., New York, S. Curtiss, Superintendent of Brothertown, 1843",192,Page,,,,,,,,,,,,,,,,,,,,,,,,,,,,116,77,yhm-spe-bro-01-field_s077,,hamLibSparc:12381871,,,,,,,/var/www/diglib/LibSpace/drop-box/Ready-for-Ingest/from-Metalogers/Brothertown/yhm-spe-bro-01-field_s077.tif,/var/www/diglib/LibSpace/drop-box/Ready-for-Ingest/from-Metalogers/Brothertown/yhm-spe-bro-01-field_s077.txt,,
d7c1eebc-9315-46cc-8fca-0c29cf929a3f,193,"Page 78 - Field book of the survey of the Indian lands in Brothertown, Oneida Co., New York, S. Curtiss, Superintendent of Brothertown, 1843",193,Page,,,,,,,,,,,,,,,,,,,,,,,,,,,,116,78,yhm-spe-bro-01-field_s078,,hamLibSparc:12381872,,,,,,,/var/www/diglib/LibSpace/drop-box/Ready-for-Ingest/from-Metalogers/Brothertown/yhm-spe-bro-01-field_s078.tif,/var/www/diglib/LibSpace/drop-box/Ready-for-Ingest/from-Metalogers/Brothertown/yhm-spe-bro-01-field_s078.txt,,
b18e5689-2c3e-4a34-b842-1d41c8149eee,194,"Page 79 - Field book of the survey of the Indian lands in Brothertown, Oneida Co., New York, S. Curtiss, Superintendent of Brothertown, 1843",194,Page,,,,,,,,,,,,,,,,,,,,,,,,,,,,116,79,yhm-spe-bro-01-field_s079,,hamLibSparc:12381873,,,,,,,/var/www/diglib/LibSpace/drop-box/Ready-for-Ingest/from-Metalogers/Brothertown/yhm-spe-bro-01-field_s079.tif,/var/www/diglib/LibSpace/drop-box/Ready-for-Ingest/from-Metalogers/Brothertown/yhm-spe-bro-01-field_s079.txt,,
1c824073-716c-4c38-bf83-1695ecdf0d52,195,"Page 80 - Field book of the survey of the Indian lands in Brothertown, Oneida Co., New York, S. Curtiss, Superintendent of Brothertown, 1843",195,Page,,,,,,,,,,,,,,,,,,,,,,,,,,,,116,80,yhm-spe-bro-01-field_s080,,hamLibSparc:12381874,,,,,,,/var/www/diglib/LibSpace/drop-box/Ready-for-Ingest/from-Metalogers/Brothertown/yhm-spe-bro-01-field_s080.tif,/var/www/diglib/LibSpace/drop-box/Ready-for-Ingest/from-Metalogers/Brothertown/yhm-spe-bro-01-field_s080.txt,,
e36b6d90-35e1-49d3-bcbc-446c1948a635,196,"Page 81 - Field book of the survey of the Indian lands in Brothertown, Oneida Co., New York, S. Curtiss, Superintendent of Brothertown, 1843",196,Page,,,,,,,,,,,,,,,,,,,,,,,,,,,,116,81,yhm-spe-bro-01-field_s081,,hamLibSparc:12381875,,,,,,,/var/www/diglib/LibSpace/drop-box/Ready-for-Ingest/from-Metalogers/Brothertown/yhm-spe-bro-01-field_s081.tif,/var/www/diglib/LibSpace/drop-box/Ready-for-Ingest/from-Metalogers/Brothertown/yhm-spe-bro-01-field_s081.txt,,
6a2d35e6-3b52-4ea1-8767-0ef669eafebb,197,"Page 82 - Field book of the survey of the Indian lands in Brothertown, Oneida Co., New York, S. Curtiss, Superintendent of Brothertown, 1843",197,Page,,,,,,,,,,,,,,,,,,,,,,,,,,,,116,82,yhm-spe-bro-01-field_s082,,hamLibSparc:12381876,,,,,,,/var/www/diglib/LibSpace/drop-box/Ready-for-Ingest/from-Metalogers/Brothertown/yhm-spe-bro-01-field_s082.tif,/var/www/diglib/LibSpace/drop-box/Ready-for-Ingest/from-Metalogers/Brothertown/yhm-spe-bro-01-field_s082.txt,,
4e73386b-3a8c-45ea-959d-eba95d6cc4af,198,"Page 83 - Field book of the survey of the Indian lands in Brothertown, Oneida Co., New York, S. Curtiss, Superintendent of Brothertown, 1843",198,Page,,,,,,,,,,,,,,,,,,,,,,,,,,,,116,83,yhm-spe-bro-01-field_s083,,hamLibSparc:12381877,,,,,,,/var/www/diglib/LibSpace/drop-box/Ready-for-Ingest/from-Metalogers/Brothertown/yhm-spe-bro-01-field_s083.tif,/var/www/diglib/LibSpace/drop-box/Ready-for-Ingest/from-Metalogers/Brothertown/yhm-spe-bro-01-field_s083.txt,,
eb9bb8bb-3b9d-4771-b33c-f57d8b53ce09,199,"Page 84 - Field book of the survey of the Indian lands in Brothertown, Oneida Co., New York, S. Curtiss, Superintendent of Brothertown, 1843",199,Page,,,,,,,,,,,,,,,,,,,,,,,,,,,,116,84,yhm-spe-bro-01-field_s084,,hamLibSparc:12381878,,,,,,,/var/www/diglib/LibSpace/drop-box/Ready-for-Ingest/from-Metalogers/Brothertown/yhm-spe-bro-01-field_s084.tif,/var/www/diglib/LibSpace/drop-box/Ready-for-Ingest/from-Metalogers/Brothertown/yhm-spe-bro-01-field_s084.txt,,
26e2ceaf-98cf-4167-b645-4c638b166751,200,"Page 85 - Field book of the survey of the Indian lands in Brothertown, Oneida Co., New York, S. Curtiss, Superintendent of Brothertown, 1843",200,Page,,,,,,,,,,,,,,,,,,,,,,,,,,,,116,85,yhm-spe-bro-01-field_s085,,hamLibSparc:12381879,,,,,,,/var/www/diglib/LibSpace/drop-box/Ready-for-Ingest/from-Metalogers/Brothertown/yhm-spe-bro-01-field_s085.tif,/var/www/diglib/LibSpace/drop-box/Ready-for-Ingest/from-Metalogers/Brothertown/yhm-spe-bro-01-field_s085.txt,,
1c425031-bbba-40f7-afe7-8f83b3f8dcad,201,"Page 86 - Field book of the survey of the Indian lands in Brothertown, Oneida Co., New York, S. Curtiss, Superintendent of Brothertown, 1843",201,Page,,,,,,,,,,,,,,,,,,,,,,,,,,,,116,86,yhm-spe-bro-01-field_s086,,hamLibSparc:12381880,,,,,,,/var/www/diglib/LibSpace/drop-box/Ready-for-Ingest/from-Metalogers/Brothertown/yhm-spe-bro-01-field_s086.tif,/var/www/diglib/LibSpace/drop-box/Ready-for-Ingest/from-Metalogers/Brothertown/yhm-spe-bro-01-field_s086.txt,,
288d9455-0798-4ffb-ad36-4347b5765647,202,"Page 87 - Field book of the survey of the Indian lands in Brothertown, Oneida Co., New York, S. Curtiss, Superintendent of Brothertown, 1843",202,Page,,,,,,,,,,,,,,,,,,,,,,,,,,,,116,87,yhm-spe-bro-01-field_s087,,hamLibSparc:12381881,,,,,,,/var/www/diglib/LibSpace/drop-box/Ready-for-Ingest/from-Metalogers/Brothertown/yhm-spe-bro-01-field_s087.tif,/var/www/diglib/LibSpace/drop-box/Ready-for-Ingest/from-Metalogers/Brothertown/yhm-spe-bro-01-field_s087.txt,,
0d325da1-f806-405b-a547-94a5b740e0fe,203,"Page 88 - Field book of the survey of the Indian lands in Brothertown, Oneida Co., New York, S. Curtiss, Superintendent of Brothertown, 1843",203,Page,,,,,,,,,,,,,,,,,,,,,,,,,,,,116,88,yhm-spe-bro-01-field_s088,,hamLibSparc:12381882,,,,,,,/var/www/diglib/LibSpace/drop-box/Ready-for-Ingest/from-Metalogers/Brothertown/yhm-spe-bro-01-field_s088.tif,/var/www/diglib/LibSpace/drop-box/Ready-for-Ingest/from-Metalogers/Brothertown/yhm-spe-bro-01-field_s088.txt,,
551119b7-6c17-4bf6-8ef7-e325f80d6e47,204,"Page 89 - Field book of the survey of the Indian lands in Brothertown, Oneida Co., New York, S. Curtiss, Superintendent of Brothertown, 1843",204,Page,,,,,,,,,,,,,,,,,,,,,,,,,,,,116,89,yhm-spe-bro-01-field_s089,,hamLibSparc:12381883,,,,,,,/var/www/diglib/LibSpace/drop-box/Ready-for-Ingest/from-Metalogers/Brothertown/yhm-spe-bro-01-field_s089.tif,/var/www/diglib/LibSpace/drop-box/Ready-for-Ingest/from-Metalogers/Brothertown/yhm-spe-bro-01-field_s089.txt,,
d0e19d0f-aa99-4204-a37f-41d9541fd783,205,"Page 90 - Field book of the survey of the Indian lands in Brothertown, Oneida Co., New York, S. Curtiss, Superintendent of Brothertown, 1843",205,Page,,,,,,,,,,,,,,,,,,,,,,,,,,,,116,90,yhm-spe-bro-01-field_s090,,hamLibSparc:12381884,,,,,,,/var/www/diglib/LibSpace/drop-box/Ready-for-Ingest/from-Metalogers/Brothertown/yhm-spe-bro-01-field_s090.tif,/var/www/diglib/LibSpace/drop-box/Ready-for-Ingest/from-Metalogers/Brothertown/yhm-spe-bro-01-field_s090.txt,,
65b4e4b9-38f1-4051-8408-a91eb003fd3f,206,"Page 91 - Field book of the survey of the Indian lands in Brothertown, Oneida Co., New York, S. Curtiss, Superintendent of Brothertown, 1843",206,Page,,,,,,,,,,,,,,,,,,,,,,,,,,,,116,91,yhm-spe-bro-01-field_s091,,hamLibSparc:12381885,,,,,,,/var/www/diglib/LibSpace/drop-box/Ready-for-Ingest/from-Metalogers/Brothertown/yhm-spe-bro-01-field_s091.tif,/var/www/diglib/LibSpace/drop-box/Ready-for-Ingest/from-Metalogers/Brothertown/yhm-spe-bro-01-field_s091.txt,,
551646bf-3ded-4870-bdfc-00ea95d87ee2,207,"Page 92 - Field book of the survey of the Indian lands in Brothertown, Oneida Co., New York, S. Curtiss, Superintendent of Brothertown, 1843",207,Page,,,,,,,,,,,,,,,,,,,,,,,,,,,,116,92,yhm-spe-bro-01-field_s092,,hamLibSparc:12381886,,,,,,,/var/www/diglib/LibSpace/drop-box/Ready-for-Ingest/from-Metalogers/Brothertown/yhm-spe-bro-01-field_s092.tif,/var/www/diglib/LibSpace/drop-box/Ready-for-Ingest/from-Metalogers/Brothertown/yhm-spe-bro-01-field_s092.txt,,
aec5585b-635b-494d-94fc-a25a7ff49452,208,"Page 93 - Field book of the survey of the Indian lands in Brothertown, Oneida Co., New York, S. Curtiss, Superintendent of Brothertown, 1843",208,Page,,,,,,,,,,,,,,,,,,,,,,,,,,,,116,93,yhm-spe-bro-01-field_s093,,hamLibSparc:12381887,,,,,,,/var/www/diglib/LibSpace/drop-box/Ready-for-Ingest/from-Metalogers/Brothertown/yhm-spe-bro-01-field_s093.tif,/var/www/diglib/LibSpace/drop-box/Ready-for-Ingest/from-Metalogers/Brothertown/yhm-spe-bro-01-field_s093.txt,,
34a5fd0e-a996-4005-bcf9-32ac6fac91a4,209,"Page 94 - Field book of the survey of the Indian lands in Brothertown, Oneida Co., New York, S. Curtiss, Superintendent of Brothertown, 1843",209,Page,,,,,,,,,,,,,,,,,,,,,,,,,,,,116,94,yhm-spe-bro-01-field_s094,,hamLibSparc:12381888,,,,,,,/var/www/diglib/LibSpace/drop-box/Ready-for-Ingest/from-Metalogers/Brothertown/yhm-spe-bro-01-field_s094.tif,/var/www/diglib/LibSpace/drop-box/Ready-for-Ingest/from-Metalogers/Brothertown/yhm-spe-bro-01-field_s094.txt,,
90f18a1e-d458-4d16-a072-35d118f3f9f6,210,"Page 95 - Field book of the survey of the Indian lands in Brothertown, Oneida Co., New York, S. Curtiss, Superintendent of Brothertown, 1843",210,Page,,,,,,,,,,,,,,,,,,,,,,,,,,,,116,95,yhm-spe-bro-01-field_s095,,hamLibSparc:12381889,,,,,,,/var/www/diglib/LibSpace/drop-box/Ready-for-Ingest/from-Metalogers/Brothertown/yhm-spe-bro-01-field_s095.tif,/var/www/diglib/LibSpace/drop-box/Ready-for-Ingest/from-Metalogers/Brothertown/yhm-spe-bro-01-field_s095.txt,,
efe595ab-ef6d-4a37-a3a8-f3c6e88f15aa,211,"Page 96 - Field book of the survey of the Indian lands in Brothertown, Oneida Co., New York, S. Curtiss, Superintendent of Brothertown, 1843",211,Page,,,,,,,,,,,,,,,,,,,,,,,,,,,,116,96,yhm-spe-bro-01-field_s096,,hamLibSparc:12381890,,,,,,,/var/www/diglib/LibSpace/drop-box/Ready-for-Ingest/from-Metalogers/Brothertown/yhm-spe-bro-01-field_s096.tif,/var/www/diglib/LibSpace/drop-box/Ready-for-Ingest/from-Metalogers/Brothertown/yhm-spe-bro-01-field_s096.txt,,
bb6ee13b-6dfe-4a45-8f09-6d7f64042fa7,212,"Page 97 - Field book of the survey of the Indian lands in Brothertown, Oneida Co., New York, S. Curtiss, Superintendent of Brothertown, 1843",212,Page,,,,,,,,,,,,,,,,,,,,,,,,,,,,116,97,yhm-spe-bro-01-field_s097,,hamLibSparc:12381891,,,,,,,/var/www/diglib/LibSpace/drop-box/Ready-for-Ingest/from-Metalogers/Brothertown/yhm-spe-bro-01-field_s097.tif,/var/www/diglib/LibSpace/drop-box/Ready-for-Ingest/from-Metalogers/Brothertown/yhm-spe-bro-01-field_s097.txt,,
6bf89f0b-c5e3-461d-a04d-2634375760ff,213,"Page 98 - Field book of the survey of the Indian lands in Brothertown, Oneida Co., New York, S. Curtiss, Superintendent of Brothertown, 1843",213,Page,,,,,,,,,,,,,,,,,,,,,,,,,,,,116,98,yhm-spe-bro-01-field_s098,,hamLibSparc:12381892,,,,,,,/var/www/diglib/LibSpace/drop-box/Ready-for-Ingest/from-Metalogers/Brothertown/yhm-spe-bro-01-field_s098.tif,/var/www/diglib/LibSpace/drop-box/Ready-for-Ingest/from-Metalogers/Brothertown/yhm-spe-bro-01-field_s098.txt,,
e794bf50-7a34-4d81-93ee-79ecd7df9e21,214,"Page 99 - Field book of the survey of the Indian lands in Brothertown, Oneida Co., New York, S. Curtiss, Superintendent of Brothertown, 1843",214,Page,,,,,,,,,,,,,,,,,,,,,,,,,,,,116,99,yhm-spe-bro-01-field_s099,,hamLibSparc:12381893,,,,,,,/var/www/diglib/LibSpace/drop-box/Ready-for-Ingest/from-Metalogers/Brothertown/yhm-spe-bro-01-field_s099.tif,/var/www/diglib/LibSpace/drop-box/Ready-for-Ingest/from-Metalogers/Brothertown/yhm-spe-bro-01-field_s099.txt,,
4ca705be-542a-4e74-a457-96c55cae782b,215,"Page 100 - Field book of the survey of the Indian lands in Brothertown, Oneida Co., New York, S. Curtiss, Superintendent of Brothertown, 1843",215,Page,,,,,,,,,,,,,,,,,,,,,,,,,,,,116,100,yhm-spe-bro-01-field_s100,,hamLibSparc:12381894,,,,,,,/var/www/diglib/LibSpace/drop-box/Ready-for-Ingest/from-Metalogers/Brothertown/yhm-spe-bro-01-field_s100.tif,/var/www/diglib/LibSpace/drop-box/Ready-for-Ingest/from-Metalogers/Brothertown/yhm-spe-bro-01-field_s100.txt,,
c160ac58-3d9f-405e-ac18-150102abf5f1,216,"Page 101 - Field book of the survey of the Indian lands in Brothertown, Oneida Co., New York, S. Curtiss, Superintendent of Brothertown, 1843",216,Page,,,,,,,,,,,,,,,,,,,,,,,,,,,,116,101,yhm-spe-bro-01-field_s101,,hamLibSparc:12381895,,,,,,,/var/www/diglib/LibSpace/drop-box/Ready-for-Ingest/from-Metalogers/Brothertown/yhm-spe-bro-01-field_s101.tif,/var/www/diglib/LibSpace/drop-box/Ready-for-Ingest/from-Metalogers/Brothertown/yhm-spe-bro-01-field_s101.txt,,
ec8a6663-6f3b-41e5-91c7-9ea45b9bbc23,217,"Page 102 - Field book of the survey of the Indian lands in Brothertown, Oneida Co., New York, S. Curtiss, Superintendent of Brothertown, 1843",217,Page,,,,,,,,,,,,,,,,,,,,,,,,,,,,116,102,yhm-spe-bro-01-field_s102,,hamLibSparc:12381896,,,,,,,/var/www/diglib/LibSpace/drop-box/Ready-for-Ingest/from-Metalogers/Brothertown/yhm-spe-bro-01-field_s102.tif,/var/www/diglib/LibSpace/drop-box/Ready-for-Ingest/from-Metalogers/Brothertown/yhm-spe-bro-01-field_s102.txt,,
7a6bf5a9-0504-4274-b3fc-d76636b5439b,218,"Page 103 - Field book of the survey of the Indian lands in Brothertown, Oneida Co., New York, S. Curtiss, Superintendent of Brothertown, 1843",218,Page,,,,,,,,,,,,,,,,,,,,,,,,,,,,116,103,yhm-spe-bro-01-field_s103,,hamLibSparc:12381897,,,,,,,/var/www/diglib/LibSpace/drop-box/Ready-for-Ingest/from-Metalogers/Brothertown/yhm-spe-bro-01-field_s103.tif,/var/www/diglib/LibSpace/drop-box/Ready-for-Ingest/from-Metalogers/Brothertown/yhm-spe-bro-01-field_s103.txt,,
d443a0d6-b647-4195-b6ab-ff89f66a266e,219,"Page 104 - Field book of the survey of the Indian lands in Brothertown, Oneida Co., New York, S. Curtiss, Superintendent of Brothertown, 1843",219,Page,,,,,,,,,,,,,,,,,,,,,,,,,,,,116,104,yhm-spe-bro-01-field_s104,,hamLibSparc:12381898,,,,,,,/var/www/diglib/LibSpace/drop-box/Ready-for-Ingest/from-Metalogers/Brothertown/yhm-spe-bro-01-field_s104.tif,/var/www/diglib/LibSpace/drop-box/Ready-for-Ingest/from-Metalogers/Brothertown/yhm-spe-bro-01-field_s104.txt,,
1ad1cf58-6bdd-4533-9503-cf783f247235,220,"Page 105 - Field book of the survey of the Indian lands in Brothertown, Oneida Co., New York, S. Curtiss, Superintendent of Brothertown, 1843",220,Page,,,,,,,,,,,,,,,,,,,,,,,,,,,,116,105,yhm-spe-bro-01-field_s105,,hamLibSparc:12381899,,,,,,,/var/www/diglib/LibSpace/drop-box/Ready-for-Ingest/from-Metalogers/Brothertown/yhm-spe-bro-01-field_s105.tif,/var/www/diglib/LibSpace/drop-box/Ready-for-Ingest/from-Metalogers/Brothertown/yhm-spe-bro-01-field_s105.txt,,
1d031316-486e-4072-8b56-5c95cd8fc5aa,221,"Page 106 - Field book of the survey of the Indian lands in Brothertown, Oneida Co., New York, S. Curtiss, Superintendent of Brothertown, 1843",221,Page,,,,,,,,,,,,,,,,,,,,,,,,,,,,116,106,yhm-spe-bro-01-field_s106,,hamLibSparc:12381900,,,,,,,/var/www/diglib/LibSpace/drop-box/Ready-for-Ingest/from-Metalogers/Brothertown/yhm-spe-bro-01-field_s106.tif,/var/www/diglib/LibSpace/drop-box/Ready-for-Ingest/from-Metalogers/Brothertown/yhm-spe-bro-01-field_s106.txt,,
d3be9d09-e610-4d39-a6c8-b6dc28c817ef,222,"Page 107 - Field book of the survey of the Indian lands in Brothertown, Oneida Co., New York, S. Curtiss, Superintendent of Brothertown, 1843",222,Page,,,,,,,,,,,,,,,,,,,,,,,,,,,,116,107,yhm-spe-bro-01-field_s107,,hamLibSparc:12381901,,,,,,,/var/www/diglib/LibSpace/drop-box/Ready-for-Ingest/from-Metalogers/Brothertown/yhm-spe-bro-01-field_s107.tif,/var/www/diglib/LibSpace/drop-box/Ready-for-Ingest/from-Metalogers/Brothertown/yhm-spe-bro-01-field_s107.txt,,
d17cc63d-de4b-4072-b3e5-2897b838cbf4,223,"Page 108 - Field book of the survey of the Indian lands in Brothertown, Oneida Co., New York, S. Curtiss, Superintendent of Brothertown, 1843",223,Page,,,,,,,,,,,,,,,,,,,,,,,,,,,,116,108,yhm-spe-bro-01-field_s108,,hamLibSparc:12381902,,,,,,,/var/www/diglib/LibSpace/drop-box/Ready-for-Ingest/from-Metalogers/Brothertown/yhm-spe-bro-01-field_s108.tif,/var/www/diglib/LibSpace/drop-box/Ready-for-Ingest/from-Metalogers/Brothertown/yhm-spe-bro-01-field_s108.txt,,
9e82edfc-fd78-46f1-914e-b5ffe67ab208,224,"Page 109 - Field book of the survey of the Indian lands in Brothertown, Oneida Co., New York, S. Curtiss, Superintendent of Brothertown, 1843",224,Page,,,,,,,,,,,,,,,,,,,,,,,,,,,,116,109,yhm-spe-bro-01-field_s109,,hamLibSparc:12381903,,,,,,,/var/www/diglib/LibSpace/drop-box/Ready-for-Ingest/from-Metalogers/Brothertown/yhm-spe-bro-01-field_s109.tif,/var/www/diglib/LibSpace/drop-box/Ready-for-Ingest/from-Metalogers/Brothertown/yhm-spe-bro-01-field_s109.txt,,
121a5ce7-f0cc-4e4f-beca-8af108b72172,225,"Page 110 - Field book of the survey of the Indian lands in Brothertown, Oneida Co., New York, S. Curtiss, Superintendent of Brothertown, 1843",225,Page,,,,,,,,,,,,,,,,,,,,,,,,,,,,116,110,yhm-spe-bro-01-field_s110,,hamLibSparc:12381904,,,,,,,/var/www/diglib/LibSpace/drop-box/Ready-for-Ingest/from-Metalogers/Brothertown/yhm-spe-bro-01-field_s110.tif,/var/www/diglib/LibSpace/drop-box/Ready-for-Ingest/from-Metalogers/Brothertown/yhm-spe-bro-01-field_s110.txt,,
db630f52-800e-4c39-aa26-2f0b4c46f746,226,"Page 111 - Field book of the survey of the Indian lands in Brothertown, Oneida Co., New York, S. Curtiss, Superintendent of Brothertown, 1843",226,Page,,,,,,,,,,,,,,,,,,,,,,,,,,,,116,111,yhm-spe-bro-01-field_s111,,hamLibSparc:12381905,,,,,,,/var/www/diglib/LibSpace/drop-box/Ready-for-Ingest/from-Metalogers/Brothertown/yhm-spe-bro-01-field_s111.tif,/var/www/diglib/LibSpace/drop-box/Ready-for-Ingest/from-Metalogers/Brothertown/yhm-spe-bro-01-field_s111.txt,,
4c821a15-48c1-4e5c-b0bc-83ed4bdc93d0,227,"Page 112 - Field book of the survey of the Indian lands in Brothertown, Oneida Co., New York, S. Curtiss, Superintendent of Brothertown, 1843",227,Page,,,,,,,,,,,,,,,,,,,,,,,,,,,,116,112,yhm-spe-bro-01-field_s112,,hamLibSparc:12381906,,,,,,,/var/www/diglib/LibSpace/drop-box/Ready-for-Ingest/from-Metalogers/Brothertown/yhm-spe-bro-01-field_s112.tif,/var/www/diglib/LibSpace/drop-box/Ready-for-Ingest/from-Metalogers/Brothertown/yhm-spe-bro-01-field_s112.txt,,
07e2052f-727f-4170-abb7-ccef7ab29161,228,"Page 113 - Field book of the survey of the Indian lands in Brothertown, Oneida Co., New York, S. Curtiss, Superintendent of Brothertown, 1843",228,Page,,,,,,,,,,,,,,,,,,,,,,,,,,,,116,113,yhm-spe-bro-01-field_s113,,hamLibSparc:12381907,,,,,,,/var/www/diglib/LibSpace/drop-box/Ready-for-Ingest/from-Metalogers/Brothertown/yhm-spe-bro-01-field_s113.tif,/var/www/diglib/LibSpace/drop-box/Ready-for-Ingest/from-Metalogers/Brothertown/yhm-spe-bro-01-field_s113.txt,,
c1748fff-7261-4135-be03-1f9d09e3f32c,229,"Page 114 - Field book of the survey of the Indian lands in Brothertown, Oneida Co., New York, S. Curtiss, Superintendent of Brothertown, 1843",229,Page,,,,,,,,,,,,,,,,,,,,,,,,,,,,116,114,yhm-spe-bro-01-field_s114,,hamLibSparc:12381908,,,,,,,/var/www/diglib/LibSpace/drop-box/Ready-for-Ingest/from-Metalogers/Brothertown/yhm-spe-bro-01-field_s114.tif,/var/www/diglib/LibSpace/drop-box/Ready-for-Ingest/from-Metalogers/Brothertown/yhm-spe-bro-01-field_s114.txt,,
02bfbd1d-ff7c-447e-9ccc-5b17a34beb2f,230,"Page 115 - Field book of the survey of the Indian lands in Brothertown, Oneida Co., New York, S. Curtiss, Superintendent of Brothertown, 1843",230,Page,,,,,,,,,,,,,,,,,,,,,,,,,,,,116,115,yhm-spe-bro-01-field_s115,,hamLibSparc:12381909,,,,,,,/var/www/diglib/LibSpace/drop-box/Ready-for-Ingest/from-Metalogers/Brothertown/yhm-spe-bro-01-field_s115.tif,/var/www/diglib/LibSpace/drop-box/Ready-for-Ingest/from-Metalogers/Brothertown/yhm-spe-bro-01-field_s115.txt,,
e5695fa2-443c-43e5-b9c2-ccc0cd6b6fe1,231,"Page 116 - Field book of the survey of the Indian lands in Brothertown, Oneida Co., New York, S. Curtiss, Superintendent of Brothertown, 1843",231,Page,,,,,,,,,,,,,,,,,,,,,,,,,,,,116,116,yhm-spe-bro-01-field_s116,,hamLibSparc:12381910,,,,,,,/var/www/diglib/LibSpace/drop-box/Ready-for-Ingest/from-Metalogers/Brothertown/yhm-spe-bro-01-field_s116.tif,/var/www/diglib/LibSpace/drop-box/Ready-for-Ingest/from-Metalogers/Brothertown/yhm-spe-bro-01-field_s116.txt,,
71ca9ba7-84ed-450c-af29-5d74ad47034b,232,"Page 117 - Field book of the survey of the Indian lands in Brothertown, Oneida Co., New York, S. Curtiss, Superintendent of Brothertown, 1843",232,Page,,,,,,,,,,,,,,,,,,,,,,,,,,,,116,117,yhm-spe-bro-01-field_s117,,hamLibSparc:12381911,,,,,,,/var/www/diglib/LibSpace/drop-box/Ready-for-Ingest/from-Metalogers/Brothertown/yhm-spe-bro-01-field_s117.tif,/var/www/diglib/LibSpace/drop-box/Ready-for-Ingest/from-Metalogers/Brothertown/yhm-spe-bro-01-field_s117.txt,,
6757629f-4445-4822-85ab-ce1e3c2fd9e2,233,"Page 118 - Field book of the survey of the Indian lands in Brothertown, Oneida Co., New York, S. Curtiss, Superintendent of Brothertown, 1843",233,Page,,,,,,,,,,,,,,,,,,,,,,,,,,,,116,118,yhm-spe-bro-01-field_s118,,hamLibSparc:12381912,,,,,,,/var/www/diglib/LibSpace/drop-box/Ready-for-Ingest/from-Metalogers/Brothertown/yhm-spe-bro-01-field_s118.tif,/var/www/diglib/LibSpace/drop-box/Ready-for-Ingest/from-Metalogers/Brothertown/yhm-spe-bro-01-field_s118.txt,,
bd370e10-90da-4a7d-a75e-9c3b6588222c,234,"Page 119 - Field book of the survey of the Indian lands in Brothertown, Oneida Co., New York, S. Curtiss, Superintendent of Brothertown, 1843",234,Page,,,,,,,,,,,,,,,,,,,,,,,,,,,,116,119,yhm-spe-bro-01-field_s119,,hamLibSparc:12381913,,,,,,,/var/www/diglib/LibSpace/drop-box/Ready-for-Ingest/from-Metalogers/Brothertown/yhm-spe-bro-01-field_s119.tif,/var/www/diglib/LibSpace/drop-box/Ready-for-Ingest/from-Metalogers/Brothertown/yhm-spe-bro-01-field_s119.txt,,
8fea26e6-a5a3-4310-ad50-e15fbae6c4e7,235,"Page 120 - Field book of the survey of the Indian lands in Brothertown, Oneida Co., New York, S. Curtiss, Superintendent of Brothertown, 1843",235,Page,,,,,,,,,,,,,,,,,,,,,,,,,,,,116,120,yhm-spe-bro-01-field_s120,,hamLibSparc:12381914,,,,,,,/var/www/diglib/LibSpace/drop-box/Ready-for-Ingest/from-Metalogers/Brothertown/yhm-spe-bro-01-field_s120.tif,/var/www/diglib/LibSpace/drop-box/Ready-for-Ingest/from-Metalogers/Brothertown/yhm-spe-bro-01-field_s120.txt,,
6886745f-5758-47cf-9328-171ce7b1d66d,236,"Page 121 - Field book of the survey of the Indian lands in Brothertown, Oneida Co., New York, S. Curtiss, Superintendent of Brothertown, 1843",236,Page,,,,,,,,,,,,,,,,,,,,,,,,,,,,116,121,yhm-spe-bro-01-field_s121,,hamLibSparc:12381915,,,,,,,/var/www/diglib/LibSpace/drop-box/Ready-for-Ingest/from-Metalogers/Brothertown/yhm-spe-bro-01-field_s121.tif,/var/www/diglib/LibSpace/drop-box/Ready-for-Ingest/from-Metalogers/Brothertown/yhm-spe-bro-01-field_s121.txt,,
033d2fb8-34d7-4d4b-895b-b430b665f918,237,"Page 122 - Field book of the survey of the Indian lands in Brothertown, Oneida Co., New York, S. Curtiss, Superintendent of Brothertown, 1843",237,Page,,,,,,,,,,,,,,,,,,,,,,,,,,,,116,122,yhm-spe-bro-01-field_s122,,hamLibSparc:12381916,,,,,,,/var/www/diglib/LibSpace/drop-box/Ready-for-Ingest/from-Metalogers/Brothertown/yhm-spe-bro-01-field_s122.tif,/var/www/diglib/LibSpace/drop-box/Ready-for-Ingest/from-Metalogers/Brothertown/yhm-spe-bro-01-field_s122.txt,,
540188bb-a441-46bb-bdfd-73bdef848edc,238,"Page 123 - Field book of the survey of the Indian lands in Brothertown, Oneida Co., New York, S. Curtiss, Superintendent of Brothertown, 1843",238,Page,,,,,,,,,,,,,,,,,,,,,,,,,,,,116,123,yhm-spe-bro-01-field_s123,,hamLibSparc:12381917,,,,,,,/var/www/diglib/LibSpace/drop-box/Ready-for-Ingest/from-Metalogers/Brothertown/yhm-spe-bro-01-field_s123.tif,/var/www/diglib/LibSpace/drop-box/Ready-for-Ingest/from-Metalogers/Brothertown/yhm-spe-bro-01-field_s123.txt,,
7da5cc51-4cd6-411e-8329-c767031a06b3,239,"Page 124 - Field book of the survey of the Indian lands in Brothertown, Oneida Co., New York, S. Curtiss, Superintendent of Brothertown, 1843",239,Page,,,,,,,,,,,,,,,,,,,,,,,,,,,,116,124,yhm-spe-bro-01-field_s124,,hamLibSparc:12381918,,,,,,,/var/www/diglib/LibSpace/drop-box/Ready-for-Ingest/from-Metalogers/Brothertown/yhm-spe-bro-01-field_s124.tif,/var/www/diglib/LibSpace/drop-box/Ready-for-Ingest/from-Metalogers/Brothertown/yhm-spe-bro-01-field_s124.txt,,
9462576b-1869-4ba1-b6ea-faae0f982b7d,240,"Page 125 - Field book of the survey of the Indian lands in Brothertown, Oneida Co., New York, S. Curtiss, Superintendent of Brothertown, 1843",240,Page,,,,,,,,,,,,,,,,,,,,,,,,,,,,116,125,yhm-spe-bro-01-field_s125,,hamLibSparc:12381919,,,,,,,/var/www/diglib/LibSpace/drop-box/Ready-for-Ingest/from-Metalogers/Brothertown/yhm-spe-bro-01-field_s125.tif,/var/www/diglib/LibSpace/drop-box/Ready-for-Ingest/from-Metalogers/Brothertown/yhm-spe-bro-01-field_s125.txt,,
31f598bd-cf3c-41cd-bae1-f9a30ef21ac7,241,"Page 126 - Field book of the survey of the Indian lands in Brothertown, Oneida Co., New York, S. Curtiss, Superintendent of Brothertown, 1843",241,Page,,,,,,,,,,,,,,,,,,,,,,,,,,,,116,126,yhm-spe-bro-01-field_s126,,hamLibSparc:12381920,,,,,,,/var/www/diglib/LibSpace/drop-box/Ready-for-Ingest/from-Metalogers/Brothertown/yhm-spe-bro-01-field_s126.tif,/var/www/diglib/LibSpace/drop-box/Ready-for-Ingest/from-Metalogers/Brothertown/yhm-spe-bro-01-field_s126.txt,,
011ce7d0-2915-430f-8e6c-f72959e66e00,242,"Page 127 - Field book of the survey of the Indian lands in Brothertown, Oneida Co., New York, S. Curtiss, Superintendent of Brothertown, 1843",242,Page,,,,,,,,,,,,,,,,,,,,,,,,,,,,116,127,yhm-spe-bro-01-field_s127,,hamLibSparc:12381921,,,,,,,/var/www/diglib/LibSpace/drop-box/Ready-for-Ingest/from-Metalogers/Brothertown/yhm-spe-bro-01-field_s127.tif,/var/www/diglib/LibSpace/drop-box/Ready-for-Ingest/from-Metalogers/Brothertown/yhm-spe-bro-01-field_s127.txt,,
c030dcbb-76ab-48a3-a28d-03ea6b919ce8,243,"Page 128 - Field book of the survey of the Indian lands in Brothertown, Oneida Co., New York, S. Curtiss, Superintendent of Brothertown, 1843",243,Page,,,,,,,,,,,,,,,,,,,,,,,,,,,,116,128,yhm-spe-bro-01-field_s128,,hamLibSparc:12381922,,,,,,,/var/www/diglib/LibSpace/drop-box/Ready-for-Ingest/from-Metalogers/Brothertown/yhm-spe-bro-01-field_s128.tif,/var/www/diglib/LibSpace/drop-box/Ready-for-Ingest/from-Metalogers/Brothertown/yhm-spe-bro-01-field_s128.txt,,
9f8d8516-384d-4be6-99c6-6c409b4c2e16,244,"Page 129 - Field book of the survey of the Indian lands in Brothertown, Oneida Co., New York, S. Curtiss, Superintendent of Brothertown, 1843",244,Page,,,,,,,,,,,,,,,,,,,,,,,,,,,,116,129,yhm-spe-bro-01-field_s129,,hamLibSparc:12381923,,,,,,,/var/www/diglib/LibSpace/drop-box/Ready-for-Ingest/from-Metalogers/Brothertown/yhm-spe-bro-01-field_s129.tif,/var/www/diglib/LibSpace/drop-box/Ready-for-Ingest/from-Metalogers/Brothertown/yhm-spe-bro-01-field_s129.txt,,
6501e76f-cab5-4cf7-9702-27af86b0b8fb,245,"Page 130 - Field book of the survey of the Indian lands in Brothertown, Oneida Co., New York, S. Curtiss, Superintendent of Brothertown, 1843",245,Page,,,,,,,,,,,,,,,,,,,,,,,,,,,,116,130,yhm-spe-bro-01-field_s130,,hamLibSparc:12381924,,,,,,,/var/www/diglib/LibSpace/drop-box/Ready-for-Ingest/from-Metalogers/Brothertown/yhm-spe-bro-01-field_s130.tif,/var/www/diglib/LibSpace/drop-box/Ready-for-Ingest/from-Metalogers/Brothertown/yhm-spe-bro-01-field_s130.txt,,
e4683666-0d5a-4caa-a380-e98fa9e5f42d,246,"Page 131 - Field book of the survey of the Indian lands in Brothertown, Oneida Co., New York, S. Curtiss, Superintendent of Brothertown, 1843",246,Page,,,,,,,,,,,,,,,,,,,,,,,,,,,,116,131,yhm-spe-bro-01-field_s131,,hamLibSparc:12381925,,,,,,,/var/www/diglib/LibSpace/drop-box/Ready-for-Ingest/from-Metalogers/Brothertown/yhm-spe-bro-01-field_s131.tif,/var/www/diglib/LibSpace/drop-box/Ready-for-Ingest/from-Metalogers/Brothertown/yhm-spe-bro-01-field_s131.txt,,
8ebab311-a351-4ccf-a6e8-9c424ca1418f,247,"Page 132 - Field book of the survey of the Indian lands in Brothertown, Oneida Co., New York, S. Curtiss, Superintendent of Brothertown, 1843",247,Page,,,,,,,,,,,,,,,,,,,,,,,,,,,,116,132,yhm-spe-bro-01-field_s132,,hamLibSparc:12381926,,,,,,,/var/www/diglib/LibSpace/drop-box/Ready-for-Ingest/from-Metalogers/Brothertown/yhm-spe-bro-01-field_s132.tif,/var/www/diglib/LibSpace/drop-box/Ready-for-Ingest/from-Metalogers/Brothertown/yhm-spe-bro-01-field_s132.txt,,
d962d0b5-a0f0-4612-a79a-e83d2c28cbc0,248,"Page 133 - Field book of the survey of the Indian lands in Brothertown, Oneida Co., New York, S. Curtiss, Superintendent of Brothertown, 1843",248,Page,,,,,,,,,,,,,,,,,,,,,,,,,,,,116,133,yhm-spe-bro-01-field_s133,,hamLibSparc:12381927,,,,,,,/var/www/diglib/LibSpace/drop-box/Ready-for-Ingest/from-Metalogers/Brothertown/yhm-spe-bro-01-field_s133.tif,/var/www/diglib/LibSpace/drop-box/Ready-for-Ingest/from-Metalogers/Brothertown/yhm-spe-bro-01-field_s133.txt,,
58eb2903-17b6-4cc2-911b-01e360ea694d,249,"Page 134 - Field book of the survey of the Indian lands in Brothertown, Oneida Co., New York, S. Curtiss, Superintendent of Brothertown, 1843",249,Page,,,,,,,,,,,,,,,,,,,,,,,,,,,,116,134,yhm-spe-bro-01-field_s134,,hamLibSparc:12381928,,,,,,,/var/www/diglib/LibSpace/drop-box/Ready-for-Ingest/from-Metalogers/Brothertown/yhm-spe-bro-01-field_s134.tif,/var/www/diglib/LibSpace/drop-box/Ready-for-Ingest/from-Metalogers/Brothertown/yhm-spe-bro-01-field_s134.txt,,
e179f322-9dfa-41e1-91e1-6c3636151061,250,"Page 135 - Field book of the survey of the Indian lands in Brothertown, Oneida Co., New York, S. Curtiss, Superintendent of Brothertown, 1843",250,Page,,,,,,,,,,,,,,,,,,,,,,,,,,,,116,135,yhm-spe-bro-01-field_s135,,hamLibSparc:12381929,,,,,,,/var/www/diglib/LibSpace/drop-box/Ready-for-Ingest/from-Metalogers/Brothertown/yhm-spe-bro-01-field_s135.tif,/var/www/diglib/LibSpace/drop-box/Ready-for-Ingest/from-Metalogers/Brothertown/yhm-spe-bro-01-field_s135.txt,,
499012d4-c32d-4c6c-99cd-c56bac42f092,251,"Page 136 - Field book of the survey of the Indian lands in Brothertown, Oneida Co., New York, S. Curtiss, Superintendent of Brothertown, 1843",251,Page,,,,,,,,,,,,,,,,,,,,,,,,,,,,116,136,yhm-spe-bro-01-field_s136,,hamLibSparc:12381930,,,,,,,/var/www/diglib/LibSpace/drop-box/Ready-for-Ingest/from-Metalogers/Brothertown/yhm-spe-bro-01-field_s136.tif,/var/www/diglib/LibSpace/drop-box/Ready-for-Ingest/from-Metalogers/Brothertown/yhm-spe-bro-01-field_s136.txt,,
12413bd2-bfbf-47d6-9dfb-dfecdb0fa8ac,252,"Page 137 - Field book of the survey of the Indian lands in Brothertown, Oneida Co., New York, S. Curtiss, Superintendent of Brothertown, 1843",252,Page,,,,,,,,,,,,,,,,,,,,,,,,,,,,116,137,yhm-spe-bro-01-field_s137,,hamLibSparc:12381931,,,,,,,/var/www/diglib/LibSpace/drop-box/Ready-for-Ingest/from-Metalogers/Brothertown/yhm-spe-bro-01-field_s137.tif,/var/www/diglib/LibSpace/drop-box/Ready-for-Ingest/from-Metalogers/Brothertown/yhm-spe-bro-01-field_s137.txt,,
726d0e34-bb67-4366-8dc3-3064908fddfb,253,"Page 138 - Field book of the survey of the Indian lands in Brothertown, Oneida Co., New York, S. Curtiss, Superintendent of Brothertown, 1843",253,Page,,,,,,,,,,,,,,,,,,,,,,,,,,,,116,138,yhm-spe-bro-01-field_s138,,hamLibSparc:12381932,,,,,,,/var/www/diglib/LibSpace/drop-box/Ready-for-Ingest/from-Metalogers/Brothertown/yhm-spe-bro-01-field_s138.tif,/var/www/diglib/LibSpace/drop-box/Ready-for-Ingest/from-Metalogers/Brothertown/yhm-spe-bro-01-field_s138.txt,,
50eac653-32e6-4fa6-b723-474dca4ca596,254,"Page 139 - Field book of the survey of the Indian lands in Brothertown, Oneida Co., New York, S. Curtiss, Superintendent of Brothertown, 1843",254,Page,,,,,,,,,,,,,,,,,,,,,,,,,,,,116,139,yhm-spe-bro-01-field_s139,,hamLibSparc:12381933,,,,,,,/var/www/diglib/LibSpace/drop-box/Ready-for-Ingest/from-Metalogers/Brothertown/yhm-spe-bro-01-field_s139.tif,/var/www/diglib/LibSpace/drop-box/Ready-for-Ingest/from-Metalogers/Brothertown/yhm-spe-bro-01-field_s139.txt,,
056e0d59-3273-4408-8743-e428280a9060,255,"Page 140 - Field book of the survey of the Indian lands in Brothertown, Oneida Co., New York, S. Curtiss, Superintendent of Brothertown, 1843",255,Page,,,,,,,,,,,,,,,,,,,,,,,,,,,,116,140,yhm-spe-bro-01-field_s140,,hamLibSparc:12381934,,,,,,,/var/www/diglib/LibSpace/drop-box/Ready-for-Ingest/from-Metalogers/Brothertown/yhm-spe-bro-01-field_s140.tif,/var/www/diglib/LibSpace/drop-box/Ready-for-Ingest/from-Metalogers/Brothertown/yhm-spe-bro-01-field_s140.txt,,
9aa501e8-5097-441d-a764-146572aae549,256,"Page 141 - Field book of the survey of the Indian lands in Brothertown, Oneida Co., New York, S. Curtiss, Superintendent of Brothertown, 1843",256,Page,,,,,,,,,,,,,,,,,,,,,,,,,,,,116,141,yhm-spe-bro-01-field_s141,,hamLibSparc:12381935,,,,,,,/var/www/diglib/LibSpace/drop-box/Ready-for-Ingest/from-Metalogers/Brothertown/yhm-spe-bro-01-field_s141.tif,/var/www/diglib/LibSpace/drop-box/Ready-for-Ingest/from-Metalogers/Brothertown/yhm-spe-bro-01-field_s141.txt,,
199a4f8f-77da-4d00-8da0-547a7c59c4d5,257,"Page 142 - Field book of the survey of the Indian lands in Brothertown, Oneida Co., New York, S. Curtiss, Superintendent of Brothertown, 1843",257,Page,,,,,,,,,,,,,,,,,,,,,,,,,,,,116,142,yhm-spe-bro-01-field_s142,,hamLibSparc:12381936,,,,,,,/var/www/diglib/LibSpace/drop-box/Ready-for-Ingest/from-Metalogers/Brothertown/yhm-spe-bro-01-field_s142.tif,/var/www/diglib/LibSpace/drop-box/Ready-for-Ingest/from-Metalogers/Brothertown/yhm-spe-bro-01-field_s142.txt,,
d73d997c-f8e8-4d6a-bbcf-c0f46015b310,258,"Page 143 - Field book of the survey of the Indian lands in Brothertown, Oneida Co., New York, S. Curtiss, Superintendent of Brothertown, 1843",258,Page,,,,,,,,,,,,,,,,,,,,,,,,,,,,116,143,yhm-spe-bro-01-field_s143,,hamLibSparc:12381937,,,,,,,/var/www/diglib/LibSpace/drop-box/Ready-for-Ingest/from-Metalogers/Brothertown/yhm-spe-bro-01-field_s143.tif,/var/www/diglib/LibSpace/drop-box/Ready-for-Ingest/from-Metalogers/Brothertown/yhm-spe-bro-01-field_s143.txt,,
c56a0697-d381-40e4-bd5f-25ccd1e9cf53,259,"Page 144 - Field book of the survey of the Indian lands in Brothertown, Oneida Co., New York, S. Curtiss, Superintendent of Brothertown, 1843",259,Page,,,,,,,,,,,,,,,,,,,,,,,,,,,,116,144,yhm-spe-bro-01-field_s144,,hamLibSparc:12381938,,,,,,,/var/www/diglib/LibSpace/drop-box/Ready-for-Ingest/from-Metalogers/Brothertown/yhm-spe-bro-01-field_s144.tif,/var/www/diglib/LibSpace/drop-box/Ready-for-Ingest/from-Metalogers/Brothertown/yhm-spe-bro-01-field_s144.txt,,
8527ddc9-9b96-4208-9b03-d8ad75f8b518,260,"Page 145 - Field book of the survey of the Indian lands in Brothertown, Oneida Co., New York, S. Curtiss, Superintendent of Brothertown, 1843",260,Page,,,,,,,,,,,,,,,,,,,,,,,,,,,,116,145,yhm-spe-bro-01-field_s145,,hamLibSparc:12381939,,,,,,,/var/www/diglib/LibSpace/drop-box/Ready-for-Ingest/from-Metalogers/Brothertown/yhm-spe-bro-01-field_s145.tif,/var/www/diglib/LibSpace/drop-box/Ready-for-Ingest/from-Metalogers/Brothertown/yhm-spe-bro-01-field_s145.txt,,
66ee605e-b56d-4f72-80e0-3642b1a36962,261,"Page 146 - Field book of the survey of the Indian lands in Brothertown, Oneida Co., New York, S. Curtiss, Superintendent of Brothertown, 1843",261,Page,,,,,,,,,,,,,,,,,,,,,,,,,,,,116,146,yhm-spe-bro-01-field_s146,,hamLibSparc:12381940,,,,,,,/var/www/diglib/LibSpace/drop-box/Ready-for-Ingest/from-Metalogers/Brothertown/yhm-spe-bro-01-field_s146.tif,/var/www/diglib/LibSpace/drop-box/Ready-for-Ingest/from-Metalogers/Brothertown/yhm-spe-bro-01-field_s146.txt,,
911385ba-9668-4409-9f93-51922e3632d0,262,"Page 147 - Field book of the survey of the Indian lands in Brothertown, Oneida Co., New York, S. Curtiss, Superintendent of Brothertown, 1843",262,Page,,,,,,,,,,,,,,,,,,,,,,,,,,,,116,147,yhm-spe-bro-01-field_s147,,hamLibSparc:12381941,,,,,,,/var/www/diglib/LibSpace/drop-box/Ready-for-Ingest/from-Metalogers/Brothertown/yhm-spe-bro-01-field_s147.tif,/var/www/diglib/LibSpace/drop-box/Ready-for-Ingest/from-Metalogers/Brothertown/yhm-spe-bro-01-field_s147.txt,,
1060b775-4959-44e2-b72e-2bdf46e72cfa,263,"Page 148 - Field book of the survey of the Indian lands in Brothertown, Oneida Co., New York, S. Curtiss, Superintendent of Brothertown, 1843",263,Page,,,,,,,,,,,,,,,,,,,,,,,,,,,,116,148,yhm-spe-bro-01-field_s148,,hamLibSparc:12381942,,,,,,,/var/www/diglib/LibSpace/drop-box/Ready-for-Ingest/from-Metalogers/Brothertown/yhm-spe-bro-01-field_s148.tif,/var/www/diglib/LibSpace/drop-box/Ready-for-Ingest/from-Metalogers/Brothertown/yhm-spe-bro-01-field_s148.txt,,
00e74c68-5f60-479e-a7b9-19b12bc626be,264,"Page 149 - Field book of the survey of the Indian lands in Brothertown, Oneida Co., New York, S. Curtiss, Superintendent of Brothertown, 1843",264,Page,,,,,,,,,,,,,,,,,,,,,,,,,,,,116,149,yhm-spe-bro-01-field_s149,,hamLibSparc:12381943,,,,,,,/var/www/diglib/LibSpace/drop-box/Ready-for-Ingest/from-Metalogers/Brothertown/yhm-spe-bro-01-field_s149.tif,/var/www/diglib/LibSpace/drop-box/Ready-for-Ingest/from-Metalogers/Brothertown/yhm-spe-bro-01-field_s149.txt,,
2e09a23d-0734-48e3-9548-957e7593d359,265,"Page 150 - Field book of the survey of the Indian lands in Brothertown, Oneida Co., New York, S. Curtiss, Superintendent of Brothertown, 1843",265,Page,,,,,,,,,,,,,,,,,,,,,,,,,,,,116,150,yhm-spe-bro-01-field_s150,,hamLibSparc:12381944,,,,,,,/var/www/diglib/LibSpace/drop-box/Ready-for-Ingest/from-Metalogers/Brothertown/yhm-spe-bro-01-field_s150.tif,/var/www/diglib/LibSpace/drop-box/Ready-for-Ingest/from-Metalogers/Brothertown/yhm-spe-bro-01-field_s150.txt,,
caf26bf6-b021-4de8-ba85-36af72b4b322,266,"Page 151 - Field book of the survey of the Indian lands in Brothertown, Oneida Co., New York, S. Curtiss, Superintendent of Brothertown, 1843",266,Page,,,,,,,,,,,,,,,,,,,,,,,,,,,,116,151,yhm-spe-bro-01-field_s151,,hamLibSparc:12381945,,,,,,,/var/www/diglib/LibSpace/drop-box/Ready-for-Ingest/from-Metalogers/Brothertown/yhm-spe-bro-01-field_s151.tif,/var/www/diglib/LibSpace/drop-box/Ready-for-Ingest/from-Metalogers/Brothertown/yhm-spe-bro-01-field_s151.txt,,
ca35bb16-46f3-4444-a3b2-a07004844d3a,267,"Page 152 - Field book of the survey of the Indian lands in Brothertown, Oneida Co., New York, S. Curtiss, Superintendent of Brothertown, 1843",267,Page,,,,,,,,,,,,,,,,,,,,,,,,,,,,116,152,yhm-spe-bro-01-field_s152,,hamLibSparc:12381946,,,,,,,/var/www/diglib/LibSpace/drop-box/Ready-for-Ingest/from-Metalogers/Brothertown/yhm-spe-bro-01-field_s152.tif,/var/www/diglib/LibSpace/drop-box/Ready-for-Ingest/from-Metalogers/Brothertown/yhm-spe-bro-01-field_s152.txt,,
4d7a3bfd-e12b-499d-8f85-6273d3583652,268,"Page 153 - Field book of the survey of the Indian lands in Brothertown, Oneida Co., New York, S. Curtiss, Superintendent of Brothertown, 1843",268,Page,,,,,,,,,,,,,,,,,,,,,,,,,,,,116,153,yhm-spe-bro-01-field_s153,,hamLibSparc:12381947,,,,,,,/var/www/diglib/LibSpace/drop-box/Ready-for-Ingest/from-Metalogers/Brothertown/yhm-spe-bro-01-field_s153.tif,/var/www/diglib/LibSpace/drop-box/Ready-for-Ingest/from-Metalogers/Brothertown/yhm-spe-bro-01-field_s153.txt,,
5b51545c-0098-417c-a7c9-066beaa195fa,269,"Page 154 - Field book of the survey of the Indian lands in Brothertown, Oneida Co., New York, S. Curtiss, Superintendent of Brothertown, 1843",269,Page,,,,,,,,,,,,,,,,,,,,,,,,,,,,116,154,yhm-spe-bro-01-field_s154,,hamLibSparc:12381948,,,,,,,/var/www/diglib/LibSpace/drop-box/Ready-for-Ingest/from-Metalogers/Brothertown/yhm-spe-bro-01-field_s154.tif,/var/www/diglib/LibSpace/drop-box/Ready-for-Ingest/from-Metalogers/Brothertown/yhm-spe-bro-01-field_s154.txt,,
2abf1468-ddf5-4c00-a7d9-670340a35f8f,270,"Page 155 - Field book of the survey of the Indian lands in Brothertown, Oneida Co., New York, S. Curtiss, Superintendent of Brothertown, 1843",270,Page,,,,,,,,,,,,,,,,,,,,,,,,,,,,116,155,yhm-spe-bro-01-field_s155,,hamLibSparc:12381949,,,,,,,/var/www/diglib/LibSpace/drop-box/Ready-for-Ingest/from-Metalogers/Brothertown/yhm-spe-bro-01-field_s155.tif,/var/www/diglib/LibSpace/drop-box/Ready-for-Ingest/from-Metalogers/Brothertown/yhm-spe-bro-01-field_s155.txt,,
d39cb983-b69c-415c-a97a-14b9ad1949e6,271,"Letter from Henry D. Pixley to Joseph D. Ibbotson, July 31, 1929",271,Manuscript,Manuscripts,Correspondence,,,Correspondence,,,,"Ibbotson, Joseph Darling, 1869-1952|@|Pixley, Henry David, 1892-1960",,,,,,,1929-07-31|@|1929-07-31|@|1929-07-31,1929-07-31,,English,1 image,"Letter dated July 31, 1929 from Henry D. Pixley to Prof. J.D. Ibbotson for the papers that follow",Oneida County (N.Y.)|@|Stockbridge (N.Y. : Town),Stockbridge Indians,"Sergeant, John, 1747-1824",,,94608942-674a-496f-b98b-af5a9f480fc0,,1,yhm-spe-bro-03-doc,Hamilton College Library Rare Books and Special Collections|@|Brothertown Indian Nation Collection|@|CNYSMC Series 25 v.3,hamLibSparc:12381787,There are no restrictions on access to this resource.,https://rightsstatements.org/page/NKC/1.0/?language=en,"Hamilton College Library, Clinton, New York, United States",Hamilton College Library Digital Collections|@|Brothertown Indian Nation Records,2018-01-01T00:00:00Z|@|2018-01-01T00:00:00.000Z|@|2018,/var/www/diglib/LibSpace/drop-box/Ready-for-Ingest/from-Metalogers/Brothertown/yhm-spe-bro-03-doc.pdf,/var/www/diglib/LibSpace/drop-box/Ready-for-Ingest/from-Metalogers/Brothertown/yhm-spe-bro-03-doc.tif,/var/www/diglib/LibSpace/drop-box/Ready-for-Ingest/from-Metalogers/Brothertown/yhm-spe-bro-03-doc.txt,,